"queueLength:vector OppNet.Q1 ($0=54, $1=7.5, #0 - PreliminarySimulation-7-20191008-08:07:21-8328)",
0,0
4.087820169965,1
5.293347568656,0
39.852076773044,1
39.91241975911,0
41.873734847164,1
42.771406537628,0
43.708692082676,1
44.307056423982,0
45.794926138988,1
45.842706310336,0
57.917687227433,1
57.965051334002,0
63.089571141412,1
63.470711896848,0
66.685441843265,1
67.65303556753,0
69.844624463536,1
70.112045878601,2
70.512022346048,1
72.047672232402,0
74.003404257594,1
74.90665901092,0
91.979826598523,1
92.322351603242,0
102.038271720689,1
103.121359734744,0
105.489006151899,1
105.980346513262,0
128.327537656773,1
128.68938667424,0
129.773606594983,1
129.816463822626,2
130.225036560594,1
131.760686446948,0
139.369545779322,1
139.913020794122,0
146.145809443565,1
146.742018249132,0
154.930527657314,1
156.21768948847,0
163.073566377204,1
164.370023835644,0
169.220905868731,1
169.87568439849,0
200.319474866872,1
200.524745912452,0
204.974824910851,1
206.030406475298,0
212.557635189227,1
212.859403930308,0
215.105001160059,1
215.718390708826,0
225.185782294526,1
225.194061948164,0
231.031078667188,1
232.023059403174,0
240.30122732794,1
241.498730642512,0
241.61576189334,1
243.034380528866,0
279.110224060533,1
280.300126503648,0
281.431717126895,1
281.835776390002,0
306.777354577158,1
307.191490335308,0
338.807649718002,1
339.163888741434,0
347.383443342319,1
348.529150935741,2
348.639559980772,1
350.175209867126,0
352.886084982057,1
353.034196645644,0
356.532170846233,1
357.216520316326,0
358.247855943349,1
358.75217020268,0
360.104853070875,1
360.287820089034,0
370.064805815635,1
371.086828220536,0
381.845315093357,1
381.885836352038,0
397.243144264099,1
397.978192052196,0
401.405715657327,1
401.669619041102,2
402.160515722878,1
403.696165609232,0
411.455943744788,1
411.848499956406,0
412.090145078251,1
413.38414984276,0
433.403039720834,1
433.44651621941,0
435.565406858801,1
436.305502997928,0
439.768303045386,1
440.48782666861,0
445.676070084242,1
445.993487231456,0
453.111333129028,1
454.14582157863,0
465.990923715955,1
466.268166602296,0
468.85507737264,1
469.127153380814,0
485.136596885861,1
485.219509080972,0
490.726579094109,1
492.048506535982,0
506.610041420059,1
506.817525343976,0
507.062359840714,1
508.35317523033,0
511.610756427876,1
512.535498901012,0
516.265997975011,1
516.717822571694,0
524.558820022775,1
524.870156918868,0
571.791304030589,1
572.722598030962,0
578.234960623686,1
579.551595485972,0
580.314777153442,1
581.087245372326,0
590.71265835006,1
591.886253503828,0
597.640268220204,1
598.715250958838,0
619.439481319313,1
620.100954227652,0
622.15577778632,1
622.95994100617,0
632.847244938388,1
633.278809141875,2
633.758949137672,1
635.294599024026,0
644.433706181992,1
644.770270263364,0
661.803485573383,1
662.185962855686,0
678.74477952299,1
679.601655448008,0
679.627220074226,1
681.088254962104,2
681.137305334362,1
682.672955220716,0
688.055565349706,1
688.178615783562,0
690.761404444245,1
691.03760256208,0
705.865239710362,1
707.129958262238,0
711.328895475814,1
712.635618825084,0
724.546818905082,1
724.75796384875,0
734.36155251124,1
735.556971980252,0
746.133146419474,1
746.355980111754,0
747.643948517745,1
747.891629998108,0
748.697265167188,1
749.427279884462,0
749.725871503772,1
750.962929770816,0
751.585830498691,1
751.602116285742,2
752.133376711425,3
752.49857965717,2
753.834484736736,3
754.034229543524,2
755.569879429878,1
757.105529316232,0
769.332461716138,1
770.551211232062,0
781.587853130961,1
782.673556255728,0
787.568007403548,1
788.179216818574,0
789.467480336267,1
789.714866704928,0
796.45837014841,1
796.543864159938,0
800.224466714255,1
800.72618783062,0
806.284373866961,1
807.55518528563,0
810.100589821323,1
810.414172064148,0
811.729788500606,1
811.949821950502,0
845.591129839299,1
846.568894140956,0
850.261939963304,1
850.751217811638,0
857.132175371399,1
857.580215266648,0
861.279052406637,1
861.76253893733,0
878.140749682588,1
879.178231529652,0
883.604727924561,1
884.683892092498,0
888.743716672048,1
888.86621576318,0
894.103656130566,1
894.371876326026,0
896.464010159629,1
897.230863104544,0
898.990398386846,1
900.089849883062,0
920.102362098146,1
920.152216259712,0
939.953966219961,1
940.214582636362,0
953.89827754295,1
954.983601444356,0
955.944651827579,1
956.51925133071,0
956.697775503765,1
957.839730252229,2
958.054901217064,1
959.590551103418,0
974.265884118568,1
974.359569911412,0
981.678755752756,1
982.511904258586,0
984.439706719825,1
985.316051788136,2
985.370891037104,1
985.906680889888,2
986.906540923458,1
988.442190809812,0
988.507135225817,1
989.977840696166,0
1019.802427242767,1
1020.626902210128,0
1027.66664962419,1
1028.779236557302,0
1029.684756574873,1
1030.314886443656,0
1059.311369001683,1
1059.640611065454,0
1068.394610080033,1
1069.116282304792,0
1069.849592213888,1
1070.651932191146,0
1079.12318593685,1
1080.127603430484,0
1080.823032380279,1
1080.971154996005,2
1081.663253316838,1
1081.725518906712,2
1083.198903203192,1
1083.542049696467,2
1084.734553089546,1
1086.2702029759,0
1088.637727816263,1
1089.129189754418,0
1089.424621962804,1
1090.664839640772,0
1106.675485783167,1
1106.75719534093,0
1117.331419928695,1
1117.556203472432,0
1140.851338695755,1
1141.588580525574,0
1150.44201701547,1
1151.064251764912,0
1157.864186125076,1
1157.893249219922,0
1171.088609757123,1
1171.338931135752,0
1174.933762566375,1
1175.521254806434,0
1178.171553313879,1
1178.380241584952,0
1184.629565732744,1
1185.209239039962,0
1187.567752809955,1
1188.06822581848,0
1188.523752839128,1
1189.458744960043,2
1189.603875704834,1
1191.139525591188,0
1192.339671909584,1
1192.675175477542,0
1197.215615382877,1
1197.626111955658,2
1198.180836040388,1
1198.594945041335,2
1199.716485926742,1
1201.252135813096,0
1224.91322809536,1
1225.284512866238,0
1250.952646238947,1
1251.611662178553,2
1251.963563703708,1
1253.499213590062,0
1259.932282338471,1
1260.328211045072,0
1262.735142586831,1
1263.18719782359,0
1272.803832745415,1
1273.986205955092,0
1280.904594931528,1
1282.138540302266,0
1284.098112086951,1
1284.997527080784,0
1295.958989026748,1
1297.11987210445,0
1304.687542814649,1
1305.272206451624,0
1337.874930660387,1
1338.567941749914,0
1350.917669087749,1
1352.013623665744,0
1361.674739383482,1
1362.812631797246,0
1365.516034845181,1
1365.671618575764,0
1368.77514540123,1
1369.853942246446,0
1373.552288614398,1
1374.036265917128,0
1386.69690573395,1
1387.481947832958,0
1400.778200669946,1
1400.927629748788,0
1416.364698584864,1
1417.019985448946,0
1424.257702713169,1
1425.17231979612,0
1435.358379249265,1
1435.971327927622,0
1459.955458118884,1
1460.003704980764,0
1462.17751572733,1
1462.862691759282,0
1472.539934056348,1
1472.661501197781,2
1473.661699890784,1
1474.617237713469,2
1475.197349777138,1
1476.732999663492,0
1482.055681275324,1
1482.238660226338,0
1489.469481493348,1
1490.390994573512,0
1494.49374959453,1
1494.573318244194,0
1499.676343783544,1
1500.07897880704,0
1508.716231299425,1
1509.554650046378,0
1510.667876231176,1
1511.090299932732,0
1512.854452800409,1
1513.94928671125,0
1521.188390098609,1
1522.101621058424,0
1527.578094873082,1
1527.60728162127,0
1528.126866889762,1
1529.142931507624,0
1533.455113833042,1
1534.64859207047,0
1545.391249090664,1
1545.447600201972,0
1545.679540189197,1
1546.983250088326,0
1552.307219653264,1
1552.488910651172,0
1560.781044766338,1
1561.96458189051,0
1569.691763540384,1
1570.116916237684,0
1574.861270428284,1
1575.62257680053,0
1590.829948004361,1
1591.714932500688,0
1592.521258630159,1
1593.250582387042,0
1596.288313809213,1
1597.432906057724,0
1604.667163706415,1
1605.585240404898,0
1608.023734591634,1
1608.444227183416,0
1614.384713597099,1
1615.273224638426,0
1615.480704745551,1
1616.80887452478,0
1619.425606498452,1
1619.667861303298,0
1622.788638671916,1
1623.85018497398,0
1624.437240779788,1
1625.385834860334,0
1629.343663234507,1
1629.568158531016,0
1630.579121142768,1
1631.10380841737,0
1631.759695368588,1
1632.639458303724,0
1636.392412068894,1
1636.821781974406,0
1640.911932106094,1
1641.004105645088,0
1648.325027018021,1
1649.156439992262,0
1673.516582677586,1
1674.512153937568,0
1675.255106002551,1
1676.047803823922,0
1683.500063106989,1
1684.200138171096,0
1687.693272772052,1
1688.382461841778,0
1690.198436062936,1
1690.684520311776,2
1691.241448620296,1
1691.515277988404,2
1692.77709850665,1
1694.312748393004,0
1701.545576413877,1
1702.465082740178,0
1727.143628011006,1
1727.820796685484,0
1738.071214946869,1
1738.619804816986,0
1765.189477166341,1
1765.298855654456,0
1772.133592188765,1
1773.45119000163,0
1781.852895126948,1
1782.926861240968,0
1783.645205061741,1
1784.462511127322,0
1791.67274302873,1
1792.614845474496,0
1797.043056917584,1
1798.120506037342,0
1807.798072261176,1
1808.919514168844,0
1824.965211311174,1
1825.011869869002,0
1831.159647175915,1
1831.840867324012,0
1839.277834520405,1
1839.993201671186,0
1847.41225604021,1
1848.14553601836,0
1855.93691860987,1
1856.297870365534,0
1860.326157154964,1
1860.480194036216,0
1862.930363446962,1
1863.339180814734,0
1868.620090023282,1
1868.84484137758,0
1870.957379890397,1
1871.703828156098,0
1874.271006822009,1
1874.562814934616,0
1878.552508447714,1
1878.745138605298,0
1878.967784365763,1
1880.280788491652,0
1887.769809075328,1
1888.433122838826,0
1891.836849020599,1
1892.615446509508,0
1899.118468896619,1
1899.444443964518,0
1905.622837377307,1
1906.273441419528,0
1934.590130365087,1
1935.599166041326,0
1941.51798932213,1
1942.428163496336,0
1960.108531628464,1
1960.813326110039,2
1961.167192980822,1
1962.702842867176,0
1967.127893549946,1
1968.208503430022,0
1970.142001831735,1
1971.06749020854,0
1979.220338025471,1
1980.543161447878,0
1998.224562788839,1
1999.282190932364,0
2014.159606639819,1
2015.374546632522,0
2018.705150856388,1
2019.556870303204,0
2029.342471167375,1
2030.355878434706,0
2036.700521917728,1
2037.184875889716,0
2040.624317386273,1
2041.367199560398,0
2049.96831344113,1
2050.13211582655,2
2050.842870799736,1
2052.37852068609,0
2054.938120812091,1
2055.237507464608,0
2062.676462298915,1
2063.389841811782,0
2065.727700646548,1
2066.2488285903,0
2102.038050721394,1
2102.191237672918,0
2110.491582205363,1
2111.666908912256,0
2119.392826668258,1
2119.81924325943,0
2139.789915926319,1
2139.88160963608,0
2144.690653832185,1
2145.038422266194,2
2145.387270198926,1
2146.92292008528,0
2148.334679579182,1
2148.458569971634,0
2151.8255104363,1
2152.640893642316,0
2168.621733790857,1
2168.733249342474,0
2189.258307011287,1
2190.118952611288,0
2197.055198970867,1
2197.731578642056,2
2198.271286958462,1
2199.806936844816,0
2214.292209277598,1
2214.57595565281,0
2219.727897844406,1
2220.081616215656,0
2225.754878303597,1
2226.910613670666,0
2243.289768523557,1
2243.320568644782,2
2244.326306262988,1
2245.861956149342,0
2246.441993651928,1
2247.397606035696,0
2247.865512559786,1
2248.93325592205,0
2268.332728368201,1
2268.9956222987,0
2269.978872126706,1
2270.531272185054,0
2293.351007999414,1
2294.563649238196,0
2300.729317368005,1
2301.392646693206,0
2313.401565122045,1
2313.514991716872,0
2326.670944734016,1
2326.960673632702,0
2327.429579814328,1
2328.496323519056,0
2338.742013907758,1
2339.295331650558,0
2356.442982933448,1
2356.71102424288,0
2357.690839242226,1
2358.246674129234,0
2362.522831224885,1
2362.810546842542,2
2363.75233469208,1
2365.287984578434,0
2367.350195566393,1
2368.146971356952,0
2368.671829875815,1
2369.682621243306,0
2372.455542695452,1
2372.541608021824,0
2374.349459368004,1
2374.686480327874,2
2375.400594800342,1
2376.936244686696,0
2378.677697458397,1
2379.795231465214,0
2380.822897298916,1
2381.330881351568,0
2385.202029512847,1
2385.51320502225,0
2393.644606133776,1
2393.665539369424,0
2397.144910313709,1
2397.16801510564,2
2397.847863040106,1
2397.963108895463,2
2399.38351292646,1
2400.919162812814,0
2415.815167180993,1
2417.011518512972,0
2429.361304507617,1
2430.457200428802,0
2449.221203771718,1
2450.519566805452,0
2459.530463313246,1
2459.99523804479,0
2463.263379768437,1
2464.177561715472,0
2464.45195994239,1
2465.249363509369,2
2465.48268887249,3
2465.713211601826,2
2467.24886148818,1
2468.784511374534,0
2478.88801880822,1
2479.583519506036,0
2502.108131982196,1
2502.292559667014,0
2510.46358552775,1
2511.768230906352,0
2527.527201292516,1
2527.86058660651,0
2534.712263658473,1
2536.012920953684,0
2577.923780947447,1
2578.572014497122,0
2600.125056840363,1
2601.2810546581,0
2601.31658849123,1
2602.816704544454,0
2610.860586180952,1
2610.969038891628,0
2627.842010370566,1
2628.38473148395,0
2641.322070882423,1
2641.83041339978,0
2644.096359435087,1
2644.689400178298,0
2664.112321188085,1
2664.751766554948,0
2683.336688194824,1
2683.490796039434,0
2689.226085449989,1
2690.319793494444,0
2698.843442932534,1
2699.795464733782,0
2702.95193343274,1
2703.977788404464,0
2715.069666221104,1
2715.211143960168,2
2716.10013342813,1
2717.635783314484,0
2727.264857387611,1
2728.434791445986,0
2749.549397287816,1
2749.8204947148,0
2759.345351585133,1
2760.619502846302,0
2790.688147741047,1
2791.268564360264,0
2792.212959497965,1
2792.319163983201,2
2792.804214246618,1
2794.339864132972,0
2794.658817718481,1
2795.875514019326,0
2798.741666258721,1
2800.057837690008,0
2806.893876378178,1
2808.210172037182,0
2841.401971137699,1
2841.505907335472,0
2845.931227529611,1
2847.011567898318,0
2859.561444192382,1
2860.457249814148,0
2881.185349363828,1
2881.842953082962,0
2888.959543222083,1
2889.995287430136,0
2893.879814937097,1
2894.177611100818,0
2900.702930669546,1
2901.006608555828,0
2903.869301640775,1
2905.18893222651,0
2907.221484823112,1
2908.047919005028,0
2917.758754455494,1
2918.84692713653,0
2924.159442243916,1
2924.352587699376,0
2929.367259855736,1
2929.858248262222,0
2940.875262998524,1
2941.980593285888,0
2947.162089972063,1
2947.486253848734,0
2964.564813295605,1
2964.901946441056,0
2964.986907430735,1
2966.43759632741,0
2970.350016838227,1
2970.550412484911,2
2970.619919998092,1
2972.155569884446,0
2974.101730573558,1
2975.014556662964,0
2978.509481578339,1
2979.060931444663,2
2979.196880333646,1
2980.73253022,0
2984.207803816219,1
2984.914853890682,0
2986.212698620774,1
2986.317285458158,2
2986.450503777036,1
2987.98615366339,0
2989.737767685107,1
2990.845140441908,0
3002.759378252643,1
3002.967485465574,0
3015.276286743981,1
3016.413167381404,0
3024.544448942722,1
3024.565501728578,0
3026.879599085565,1
3027.424488507096,0
3033.907086447799,1
3033.979055874829,2
3034.253485962106,1
3035.78913584846,0
3042.535189552202,1
3042.61813330347,0
3055.55129090528,1
3056.0638152193,0
3056.859055242164,1
3057.494528886907,2
3057.599465105654,1
3059.135114992008,0
3061.277146556596,1
3061.916156989024,2
3061.994101770526,1
3062.005387161158,2
3063.52975165688,1
3065.065401543234,0
3067.837351316899,1
3067.924388321752,0
3073.155097798641,1
3073.430048884598,0
3081.781986724834,1
3082.209909099105,2
3082.905720123936,1
3084.44137001029,0
3088.328182783915,1
3088.623693680972,0
3102.973923711198,1
3103.392712488966,0
3113.882904593718,1
3114.191720620468,0
3131.622212624899,1
3132.930750104954,0
3134.649804930291,1
3135.789736883472,0
3144.376485377737,1
3145.26540812281,0
3150.310294103435,1
3150.771068685656,0
3161.429662441175,1
3161.570076817158,0
3174.940220590937,1
3175.015758732988,0
3184.601139124599,1
3185.81476686449,0
3209.479088110569,1
3209.847143917632,0
3215.527725882872,1
3216.676141372642,0
3236.129017594393,1
3236.738507749292,0
3239.81374029968,1
3240.920831419974,0
3252.209526397169,1
3253.04317644364,0
3253.248226721907,1
3254.578826329994,0
3256.410273148885,1
3257.437813108512,0
3258.744371217103,1
3258.973462994866,0
3268.312648497348,1
3268.449134234204,0
3280.102369672867,1
3280.57147925787,0
3284.196619694758,1
3284.753802928552,0
3292.646459414149,1
3292.906137275726,0
3294.150001017199,1
3294.44178716208,0
3303.752276322378,1
3303.917458401418,0
3304.607894236839,1
3305.453108287772,0
3308.96780735933,1
3309.635431958454,0
3310.745333656835,1
3311.171081844808,0
3311.266395497893,1
3312.706731731162,0
3317.691250125446,1
3318.212392294008,0
3319.361372971302,1
3319.748042180362,0
3332.891388507196,1
3333.193724096192,0
3342.718978871106,1
3343.379725989257,2
3343.992732227694,1
3345.528382114048,0
3348.633929401951,1
3349.71070578473,0
3356.766238715137,1
3357.863040131904,0
3362.80406717945,1
3363.36870069475,0
3369.893275600234,1
3370.19769814976,0
3379.303712952971,1
3379.673369389098,0
3383.317692300294,1
3383.85569305978,0
3391.244904382614,1
3392.008027406954,0
3420.776493406248,1
3421.333752028752,0
3423.318906225001,1
3424.19273880727,0
3426.724160984943,1
3427.051725585788,0
3435.604215071791,1
3436.527396825126,0
3455.405733922869,1
3456.589763201776,0
3457.793787021258,1
3458.12541308813,0
3472.028759958493,1
3472.894431896124,0
3474.4256460792,1
3474.430081782478,0
3475.824923910755,1
3475.965731668832,0
3486.35219693322,1
3486.764739800334,0
3505.029128396879,1
3505.50376928482,0
3509.86551028676,1
3511.009429847666,0
3514.302608581875,1
3515.191753518348,0
3516.199620739255,1
3516.727403404702,0
3517.414834825117,1
3518.263053291056,0
3519.488420248736,1
3519.79870317741,0
3521.706595975952,1
3522.657689955928,0
3528.527081739388,1
3529.486687410938,0
3540.947092458945,1
3541.609032434604,0
3559.392373047134,1
3560.34806191909,0
3573.18714060824,1
3573.79374383492,0
3583.713147371688,1
3584.592751966422,0
3586.975928555964,1
3587.45173874494,0
3592.722681137404,1
3592.957399307786,0
3611.372425395578,1
3611.696428792272,0
3614.780041554544,1
3615.599523238928,2
3615.878752462954,1
3617.414402349308,0
3624.612676539722,1
3625.566736696482,0
3627.965499576734,1
3628.425723475,0
3638.315433662796,1
3639.224731606502,0
3645.360844185953,1
3646.053729061512,0
3646.688957752754,1
3647.589378947866,0
3655.495409104146,1
3655.74171329504,0
3658.667536775306,1
3659.924036965722,0
3666.005899090813,1
3666.753034420732,0
3670.999378779314,1
3671.083034890585,2
3672.258694983578,1
3673.794344869932,0
3707.766869549429,1
3708.413417060386,0
3721.66898538108,1
3721.721108264367,2
3721.859098976216,1
3722.44805854493,2
3723.39474886257,1
3723.478806550116,2
3724.930398748924,1
3726.466048635278,0
3727.855334679878,1
3728.001698521632,0
3733.599099004403,1
3734.830695976642,0
3739.35496702732,1
3740.336356539488,0
3742.626234625714,1
3743.195343318006,0
3746.628208407569,1
3747.377666988688,0
3748.186270327992,1
3748.913316875042,0
3756.951760848831,1
3757.065651222216,0
3762.219777358636,1
3762.571311785062,0
3782.600102881312,1
3782.633678161712,0
3786.495312042557,1
3786.816001832394,0
3793.416858502453,1
3793.644999287404,0
3802.695517219046,1
3803.120670526742,0
3821.829148726233,1
3821.859700011228,0
3824.398547758347,1
3824.718686789746,0
3824.80102004959,1
3826.2543366761,0
3828.834318357207,1
3829.113323454618,0
3832.325430721813,1
3833.2956471253,0
3843.849285643675,1
3844.094655256802,0
3844.864653357669,1
3845.056301013424,2
3845.094295352651,3
3845.630305143156,2
3847.16595502951,1
3848.701604915864,0
3852.509033477327,1
3852.883928586546,0
3863.961194191792,1
3865.006273610212,0
3878.633680302302,1
3879.224120555171,2
3879.775292418206,1
3881.31094230456,0
3886.198857030335,1
3886.816602867406,0
3889.552635838996,1
3889.675589645924,0
3891.631866335082,1
3892.534576424442,0
3901.10898459707,1
3902.01024766378,0
3911.331519542422,1
3911.34505762213,2
3911.485918903118,1
3913.021568789472,0
3915.559055283355,1
3915.88055556799,0
3927.935935617319,1
3928.002900591656,0
3951.069515247722,1
3952.035277644798,0
3958.585830143589,1
3958.864275099808,0
3962.883189316642,1
3962.939552619206,2
3963.028007045738,3
3963.04659877049,2
3963.24590323132,3
3964.582248656844,2
3966.117898543198,1
3967.653548429552,0
3971.30883022693,1
3971.835872100234,0
3974.557639546199,1
3974.694858878752,0
3976.737915861929,1
3977.55384565727,0
3983.789548016722,1
3984.38284311228,0
3990.332222724548,1
3991.21184056729,0
3996.316130287818,1
3996.717501130136,0
4021.421707841851,1
4022.073215075442,0
4022.220926841545,1
4023.608864961796,0
4027.302361740945,1
4027.791188632478,0
4038.130107147872,1
4038.59019676398,0
4044.975468821611,1
4045.41919421899,0
4046.894353986513,1
4046.954844105344,0
4066.714736740871,1
4067.017210481994,0
4081.896369284398,1
4083.026306839058,2
4083.108756009406,3
4083.109566182152,2
4084.645216068506,1
4086.18086595486,0
4105.971746290015,1
4106.24323233151,0
4107.605603940701,1
4107.778882217864,0
4112.744888148686,1
4113.28454278071,0
4127.722125741765,1
4128.053561588704,0
4132.563786810064,1
4133.55922215155,0
4138.112084021929,1
4138.487383161879,2
4139.064882714396,1
4140.60053260075,0
4141.431111723125,1
4142.136182487104,0
4146.696997033764,1
4147.64184304995,0
4148.611920364703,1
4149.177492936304,0
4151.886341816808,1
4152.036479714822,0
4153.042756226617,1
4153.572129601176,0
4166.395930386616,1
4167.017811517006,0
4179.014200206089,1
4179.140156540672,0
4201.209491872979,1
4201.84919670165,0
4204.897505771381,1
4206.031520372332,0
4215.020911974006,1
4215.50719161167,0
4216.195280194976,1
4217.042841498024,0
4230.466022561023,1
4230.488523413854,0
4242.328424210628,1
4242.61086843752,0
4256.819643804977,1
4257.379887245514,0
4260.346446493608,1
4261.562210916196,0
4264.300817196153,1
4264.421197694714,0
4266.008058710547,1
4267.280184473232,0
4291.151271868088,1
4291.301192342856,2
4291.312561526374,1
4292.848211412728,0
4294.360586558825,1
4294.383861299082,0
4333.918579914885,1
4334.296281058192,0
4335.918249747493,1
4337.15526783671,0
4346.176589821185,1
4346.630939076048,0
4356.374394164089,1
4357.42994720755,0
4357.83789648904,1
4358.965597093904,0
4363.754402699325,1
4364.47125765675,0
4386.703068130671,1
4386.75491231676,2
4387.180297817728,1
4388.715947704082,0
4398.558803529843,1
4398.617541785797,2
4399.514955835584,1
4399.737500698874,2
4400.272644090218,3
4401.050605721938,2
4402.586255608292,1
4403.112616506158,2
4404.121905494646,1
4405.657555381,0
4408.223910900471,1
4408.516542159518,0
4412.884321548231,1
4414.022202722364,0
4414.849482751639,1
4415.557852608718,0
4419.377597283798,1
4419.7401762794,0
4426.716819375246,1
4427.892510626574,0
4429.180457702112,1
4429.428160512928,0
4429.492728894461,1
4429.534639164526,2
4430.963810399282,1
4432.499460285636,0
4446.517983602436,1
4447.26847909363,0
4464.129148205364,1
4464.684171685952,0
4490.471010410636,1
4491.363222523422,0
4493.928041808457,1
4494.22220930194,0
4498.450634784285,1
4499.727869864786,0
4509.840506472349,1
4510.526877996288,0
4516.55862765449,1
4517.355875451298,0
4526.722713816031,1
4526.831546690636,0
4552.24839549968,1
4553.510597528106,0
4554.332267728724,1
4555.04624741446,0
4555.23863255569,1
4556.581897300814,0
4560.509160683142,1
4560.764220971496,0
4563.242106410588,1
4563.623207750014,0
4569.408866355079,1
4570.131145740988,2
4570.452205205024,1
4571.987855091378,0
4581.915989355198,1
4582.78686322288,0
4582.893884586983,1
4584.322513109234,0
4591.60531892826,1
4592.362788703207,2
4592.474847456408,1
4594.010497342762,0
4595.14971955235,1
4595.546147229116,0
4600.009309453178,1
4601.051807791962,0
4607.968160851506,1
4609.204142139136,0
4625.554126532545,1
4626.619834731458,0
4628.949805492004,1
4629.478821509976,0
4633.566089487754,1
4633.661145180658,0
4637.391716702677,1
4637.84346885134,0
4654.891982149926,1
4655.259161443662,0
4667.923691757159,1
4668.045302714119,2
4668.704843359492,1
4669.019604289994,2
4670.240493245846,1
4670.676192893146,2
4671.7761431322,1
4673.311793018554,0
4684.554370709389,1
4685.43413804222,0
4711.497671494379,1
4712.11318887969,0
4718.689307077023,1
4718.9421863347,0
4739.679207158563,1
4740.327889603514,0
4742.08772502447,1
4743.186876382032,0
4748.394864634215,1
4748.645702497622,2
4748.692536944878,1
4750.218867915173,2
4750.228186831232,1
4751.763836717586,0
4755.334605888557,1
4755.946160388268,0
4770.957058198186,1
4772.038516088426,0
4772.537937582484,1
4773.57416597478,0
4781.630530826302,1
4781.726500321954,0
4784.527776574341,1
4784.585487100472,0
4784.837955756618,1
4786.121136986826,0
4786.664095617906,1
4786.939190503387,2
4787.65678687318,1
4789.192436759534,0
4789.704780949185,1
4790.728086645888,0
4797.515225330064,1
4797.557084100898,0
4806.135086630599,1
4807.032755340236,0
4809.510094929278,1
4809.891742118754,0
4816.611375540323,1
4816.720739573764,0
4825.143396036659,1
4825.290096028402,2
4826.196410813102,1
4827.732060699456,0
4831.242652231986,1
4831.914384370138,0
4832.067545840635,1
4833.450034256492,0
4853.806721591695,1
4854.835737525306,0
4857.225468604322,1
4857.694724303824,0
4860.661342611434,1
4861.877047974506,0
4875.799625317299,1
4876.6460667825,0
4882.223055921065,1
4883.47506423751,0
4905.880734019379,1
4906.184104398488,0
4910.035955441542,1
4910.36642806917,0
4920.645080554227,1
4921.165436200672,0
4943.861877290786,1
4943.87447636165,0
4956.474628236037,1
4956.822144264759,2
4957.32015827748,1
4958.855808163834,0
4959.500255709773,1
4960.391458050188,0
4975.065025672625,1
4975.160476858182,0
4979.913386141127,1
4980.666137421028,0
4991.254194861888,1
4991.46514555253,0
4992.107639378919,1
4993.000795438884,0
4993.537777458418,1
4994.536445325238,0
4996.516978907122,1
4996.912901128211,2
4996.96220695572,3
4997.395432103756,2
4998.139810629285,3
4998.93108199011,2
5000.466731876464,1
5002.002381762818,0
5031.200083055927,1
5031.328106384616,0
5037.778492868458,1
5038.157103839626,0
5049.564352500202,1
5050.157733066661,2
5050.279448863292,1
5051.815098749646,0
5055.646484346439,1
5055.997422420328,0
5059.002892212023,1
5060.17974609101,0
5074.382145871177,1
5074.948764899004,0
5084.685812641313,1
5085.747773030506,0
5094.920096185023,1
5095.223444269844,0
5105.987066301572,1
5106.022452401346,0
5107.337536482063,1
5107.5581022877,0
5113.732338811053,1
5114.38709974271,0
5126.432272530078,1
5126.509444766376,0
5127.350575536239,1
5128.04509465273,0
5129.727180842097,1
5130.904081431248,0
5139.394558907997,1
5140.379752670586,0
5144.218634307193,1
5144.562076341268,0
5150.378526658055,1
5151.391073796278,0
5154.911153277765,1
5155.57339746696,0
5158.247585014074,1
5158.432384245478,0
5158.581555598927,1
5159.968034131832,0
5175.022684179573,1
5176.06038983199,0
5180.835291718465,1
5181.566050394836,0
5190.894514759818,1
5191.041721634174,0
5191.928163217575,1
5192.577371520528,0
5199.900562272496,1
5200.729705867702,0
5201.819397733897,1
5202.265355754056,0
5209.647907604508,1
5210.41769010123,0
5213.820235122799,1
5214.600013771912,0
5221.83714044339,1
5222.752348119086,0
5225.665690094452,1
5226.934671789768,0
5229.410982196896,1
5229.793658568286,0
5252.257466585623,1
5252.502698729264,0
5252.738743247505,1
5254.038348615618,0
5255.789131883131,1
5256.897335394136,0
5265.985383248755,1
5266.373006633474,0
5269.616263228658,1
5270.555330304156,0
5274.176950257881,1
5274.737653974838,0
5276.710461483151,1
5277.596640753356,0
5279.438572438539,1
5279.892076530789,2
5280.455627531874,1
5281.991277418228,0
5287.48959504192,1
5287.496937981074,0
5293.431121811492,1
5294.325935436084,0
5300.246897943609,1
5301.154932891094,0
5309.937162207627,1
5310.630604130432,0
5310.954553715881,1
5312.166254016786,0
5316.123510833669,1
5316.348577687468,0
5322.653183146054,1
5323.177575142478,0
5327.194647027518,1
5327.35989881316,0
5351.052268629381,1
5351.392275866302,0
5352.363530352262,1
5352.927925752656,0
5354.568600103762,1
5355.786912531174,0
5360.801585444391,1
5361.29257309402,0
5364.158577973888,1
5365.474896764702,0
5374.349429091374,1
5374.95056800404,0
5379.921899414385,1
5380.456228566886,0
5390.612328923546,1
5391.255236698388,0
5399.889819260968,1
5400.730907937726,0
5422.813021214294,1
5423.439948098704,0
5426.436773814688,1
5427.525225049582,2
5427.622271769386,1
5429.15792165574,0
5434.499936457737,1
5434.663582218586,0
5435.739961684505,1
5436.19923210494,0
5436.993499423369,1
5437.734881991294,0
5446.880980275727,1
5447.210553230632,0
5468.587876944908,1
5468.596256499446,0
5525.804412360094,1
5527.035392748852,0
5530.618686192702,1
5531.217716419534,0
5543.624255616485,1
5544.663398335364,0
5547.863805927088,1
5548.845722006046,0
5557.375867268398,1
5558.321393245384,0
5585.010297989148,1
5586.323780975018,0
5602.338280808351,1
5602.416136675176,0
5632.20960885352,1
5633.065198189138,0
5634.44580383306,1
5634.600848075492,0
5635.936946740177,1
5636.136497961846,0
5655.69009542934,1
5656.198864338496,0
5664.961864763126,1
5665.674535577834,0
5678.033385324178,1
5679.120217493664,0
5686.110264024474,1
5687.272551840838,0
5691.611887758947,1
5692.778212403684,0
5697.513572331457,1
5698.28387296653,0
5703.521255528495,1
5703.789533529376,0
5708.49129124018,1
5709.295194092222,0
5719.371745283875,1
5720.094202223724,0
5721.957444808358,1
5722.953189002242,0
5730.235766678762,1
5731.105523349416,0
5735.607037880232,1
5736.611183912262,0
5739.587704583864,1
5740.793507582944,0
5741.469786972176,1
5742.329157469298,0
5742.709785039575,1
5743.864807355652,0
5751.017918919334,1
5752.017141702826,0
5759.19508008588,1
5760.16947605,0
5771.59541930772,1
5772.054057747394,2
5772.291821073666,1
5773.82747096002,0
5789.875690256858,1
5789.919826660178,0
5799.28410436828,1
5799.395497899516,0
5814.799022691943,1
5815.487853599674,0
5824.067156974159,1
5824.822824535116,2
5824.963524839012,1
5826.499174725366,0
5827.774142739138,1
5828.03482461172,0
5837.190492459393,1
5837.510495851058,0
5840.004834927944,1
5840.369482629576,0
5853.329673956426,1
5853.815164545406,0
5874.981056468485,1
5875.20086781422,0
5890.862200883437,1
5891.293223514378,0
5897.779723263154,1
5898.122220969388,0
5899.217972511297,1
5899.657870855742,0
5901.882410389088,1
5902.51685763426,0
5907.007242876512,1
5908.022518197106,0
5913.284500357874,1
5913.528178759952,0
5927.863146487836,1
5928.297197567946,0
5935.724721421921,1
5936.44953191512,0
5944.313120983954,1
5944.601866262294,0
5955.824435968845,1
5956.72421128596,0
5964.237596021207,1
5964.876545633134,0
5965.828340877503,1
5966.412195519488,0
5976.649295990675,1
5977.21120365099,0
5984.909738173478,1
5985.363537998164,0
5986.555447872649,1
5986.899187884518,0
5989.238122976806,1
5989.758174663036,0
6006.045714637221,1
6007.173867255358,0
6009.741764054673,1
6010.032854033876,0
6020.644172408536,1
6020.831862165378,0
6028.829858212677,1
6028.984196512552,0
6030.756407161551,1
6031.84318329107,0
6046.766911178764,1
6047.935538991228,0
6053.413786169212,1
6053.441199554074,0
6053.876552735795,1
6054.976849440428,0
6056.786044323479,1
6057.835836218946,0
6062.735823202713,1
6063.341496781792,0
6069.09837713161,1
6070.170494236802,0
6072.013893388887,1
6073.02948101532,0
6077.565685845176,1
6077.914731496473,2
6078.535141578166,1
6080.07079146452,0
6083.289295284166,1
6084.253115135202,0
6085.947211981594,1
6087.11210191372,0
6091.455681444959,1
6091.878407567141,2
6092.617762476566,1
6092.770166248216,2
6094.15341236292,1
6095.689062249274,0
6096.654157734122,1
6097.224712135628,0
6099.334842656025,1
6100.083698914146,0
6107.852104431352,1
6108.23603326132,0
6110.325080569072,1
6111.095020039838,0
6123.893346596595,1
6124.540701955668,0
6125.618373458928,1
6126.076351842022,0
6133.343225391248,1
6134.228686189196,0
6147.798213118232,1
6148.99770499719,0
6152.179004686451,1
6153.180028667872,0
6154.992742063098,1
6156.03901544639,0
6157.321456982074,1
6157.574665332744,0
6160.800833923128,1
6161.756989003426,0
6164.271370613991,1
6164.282974636125,2
6164.615975781944,1
6166.151625668298,0
6185.187491321158,1
6186.213992044948,0
6189.11896104604,1
6190.39631571563,0
6196.454620321577,1
6197.22531317064,0
6206.428386691881,1
6206.700984409978,0
6214.684714657322,1
6214.853318757152,0
6216.651259209667,1
6217.71230553567,0
6226.913191614526,1
6227.187976775008,0
6244.67014689725,1
6245.927006259494,0
6248.457078371911,1
6248.785993038012,0
6258.548718041721,1
6258.57514999676,2
6259.585001169514,1
6261.120651055868,0
6273.103455494528,1
6273.242996079534,0
6277.463654591792,1
6278.464923052099,2
6278.74865664238,1
6280.284306528734,0
6291.894648847437,1
6292.4066515524,0
6299.667213432934,1
6300.558985899574,0
6303.86215843086,1
6304.741309570256,0
6319.486435789096,1
6319.51032837825,0
6324.724097452803,1
6325.015988941096,0
6336.293329995226,1
6337.138333964762,0
6347.158763596725,1
6347.937342096264,0
6361.314536391648,1
6361.383024012094,0
6377.414161238395,1
6377.475379712252,0
6381.724319441411,1
6382.981040275098,0
6392.836924558191,1
6393.7800484066,0
6397.923534831799,1
6397.962372077282,0
6399.482902762379,1
6399.498021963636,0
6412.432516187345,1
6412.943703879466,0
6417.858491883215,1
6418.449364442312,0
6423.590149062853,1
6423.955025005158,0
6426.784093992243,1
6426.814011783676,0
6427.116606161724,1
6428.34966167003,0
6429.643169340538,1
6429.885311556384,0
6430.30572731464,1
6431.420961442738,0
6432.472997039931,1
6432.956611329092,0
6439.31673954745,1
6439.785608784102,0
6443.134751640252,1
6443.967932454784,0
6447.209446194092,1
6448.150256125466,0
6453.294644522788,1
6453.655916688312,0
6455.030910660654,1
6455.191566574666,0
6459.62082256395,1
6460.697227137512,0
6462.506913660004,1
6463.55621391603,0
6490.617382405462,1
6491.558601645664,0
6492.590154854702,1
6493.094251532018,0
6499.509227620334,1
6499.923248987028,0
6519.82165593417,1
6519.985615363678,0
6539.237118464607,1
6540.047981740328,0
6541.389387128609,1
6541.583631626682,0
6546.361321820093,1
6547.089292189528,0
6549.94569678536,1
6549.948278968046,0
6557.358412034779,1
6558.10061331522,0
6559.221008233305,1
6559.636263201574,0
6562.314641000752,1
6562.495249980092,0
6568.788938602126,1
6569.324247435102,0
6575.638095307438,1
6576.153244890112,0
6579.780322564216,1
6580.335568560794,0
6600.354998592435,1
6600.397934937444,0
6611.524490219921,1
6611.942487043127,2
6612.52027996111,1
6614.055929847464,0
6615.748808543346,1
6616.914916625982,0
6632.564760972969,1
6633.00727232614,0
6649.882888666023,1
6650.422964918462,0
6652.063911553847,1
6652.463516278653,2
6653.28195169698,1
6654.817601583334,0
6691.840984162673,1
6692.083347558116,0
6701.335173374098,1
6701.559018797454,0
6703.134342350744,1
6704.418005575972,0
6710.826256855109,1
6711.247003030982,0
6727.249699550269,1
6727.33935873114,0
6731.938621277571,1
6732.845019293986,0
6736.445244982266,1
6737.027342964668,0
6758.144697191632,1
6758.413046233482,0
6769.528667089051,1
6770.535391257148,0
6772.371657243894,1
6773.394378035666,0
6780.698010401197,1
6781.54671238284,0
6804.73627741154,1
6805.579089435982,0
6806.110150030315,1
6807.114739322336,0
6818.212033168821,1
6819.237084346002,0
6820.638724144035,1
6820.772734232356,0
6823.725397783333,1
6824.955057903038,0
6850.096983282501,1
6850.310771848344,0
6864.0089735504,1
6865.079790656338,0
6880.086906695798,1
6881.172146356496,0
6883.665575582894,1
6883.900950636832,2
6884.031133135014,1
6885.566783021368,0
6886.788794555156,1
6887.102432907722,0
6892.98959704821,1
6893.931430362732,0
6898.552216012697,1
6899.437090925578,0
6907.33368851865,1
6907.589425272752,0
6912.518232864025,1
6913.095085835598,0
6913.767136443022,1
6914.630735721952,0
6916.431742049783,1
6917.48972250047,0
6919.283588072658,1
6920.348709278988,0
6920.645854510579,1
6921.884359165342,0
6926.434120474312,1
6927.390019728188,0
6935.484484659045,1
6935.542354075362,0
6945.126155275739,1
6946.341362206864,0
6960.796392124555,1
6961.110381014858,0
6962.624543996179,1
6962.646030901212,0
6963.147169771169,1
6964.181680787566,0
6972.528823220405,1
6973.657352026904,0
6993.487484791054,1
6993.719718403554,0
6994.926637877559,1
6995.255368289908,0
7002.307830175704,1
7003.407702637082,0
7008.638511532222,1
7008.732646588386,2
7008.913363199928,1
7010.449013086282,0
7014.421771679484,1
7014.631336756964,0
7016.736233153895,1
7017.490323535482,0
7035.564910150361,1
7036.229353019968,0
7037.355580994248,1
7037.765002906322,0
7039.923157185616,1
7040.62398968484,0
7050.333935919959,1
7051.422997816342,0
7063.074937430251,1
7063.545342840008,0
7064.254886232757,1
7065.080992726362,0
7068.825388852378,1
7069.263316397044,0
7071.061443494043,1
7071.385589035536,2
7072.122303175562,1
7073.657953061916,0
7081.267349628027,1
7081.81028740909,0
7083.805026130298,1
7084.669274187608,0
7098.957515646477,1
7099.438292995602,0
7101.577409040854,1
7102.29727977412,0
7102.32715712723,1
7103.832929660474,0
7130.539812464172,1
7131.835317390108,0
7135.206728250916,1
7135.288019097223,2
7136.01764106079,1
7137.553290947144,0
7142.584265482998,1
7143.05895150999,0
7155.140708628679,1
7155.181296533656,0
7163.033817536894,1
7163.33363088083,0
7166.852041081351,1
7166.886074980914,2
7167.515954551512,1
7169.051604437866,0
7169.779228929499,1
7170.104273313301,2
7170.58725432422,1
7172.122904210574,0
7180.62010992843,1
7181.598575449912,0
7198.220711521882,1
7199.014268042234,0
7199.267811951396,1
7200.549917928588,0
7207.261900178302,1
7207.378915383598,0
7213.244624687612,1
7214.116147795022,2
7214.207912838608,1
7214.613121639595,2
7215.743562724962,1
7217.279212611316,0
7229.552445557754,1
7230.724894527146,0
7232.380832432258,1
7233.583881305664,0
7240.439333307571,1
7241.736215652838,0
7250.969657364156,1
7251.211886892176,0
7258.988803156811,1
7259.36422123935,0
7269.246762887775,1
7270.163229370852,0
7277.252920556792,1
7278.315563718026,0
7282.554251571964,1
7283.821224280872,0
7291.205802166998,1
7291.582565960958,2
7291.973558628046,1
7293.5092085144,0
7295.727626940088,1
7296.368195292918,0
7296.700405688773,1
7297.903845179272,0
7300.77896991151,1
7302.086168849954,0
7307.542585933076,1
7307.5918294128,0
7323.103885439545,1
7323.684185112958,0
7323.852449382975,1
7325.219834999312,0
7327.490418843621,1
7327.873429130644,2
7328.07882177783,1
7328.607733063407,2
7329.614471664184,1
7331.150121550538,0
7332.19431363199,1
7332.685771436892,0
7341.423466188267,1
7342.16144267623,0
7349.095437157962,1
7350.313777023404,0
7356.964720385677,1
7357.142774478414,0
7363.025264464204,1
7363.971771933424,0
7406.229316081446,1
7406.530865476862,0
7419.982429841751,1
7421.299884284856,0
7422.088651613732,1
7422.83553417121,0
7423.626002627891,1
7424.371184057564,0
7431.799401762424,1
7432.264441421447,2
7432.523518404738,1
7434.059168291092,0
7436.950215560658,1
7438.241491961774,0
7443.295896025827,1
7443.74715252462,0
7443.836808458326,1
7445.282802410974,0
7447.723059855047,1
7448.141789189492,0
7468.418127618002,1
7469.527492458306,0
7487.58285403828,1
7488.266521942792,0
7492.203599240085,1
7492.448845613474,0
7493.012953880402,1
7493.751182891634,2
7493.984495499828,1
7495.520145386182,0
7497.524387307097,1
7498.3791321647,0
7499.672324883937,1
7499.914782051054,0
7501.114624289384,1
7501.450431937408,0
7501.988032885394,1
7502.986081823762,0
7517.99974169888,1
7519.07843752392,0
7525.263550626665,1
7525.90743497893,0
7527.098945970226,1
7527.443084865284,0
7543.219544382572,1
7543.535440565442,0
7548.49154649609,1
7548.918118781107,2
7549.041101128288,1
7549.96411504993,2
7550.411734593968,3
7550.576751014642,2
7551.358866548147,3
7552.112400900996,2
7553.64805078735,1
7555.183700673704,0
7556.874852733405,1
7558.042687452222,0
7575.345965045527,1
7575.458380044544,0
7584.18977459746,1
7584.934051283882,0
7599.688085341973,1
7599.703070091876,0
7603.359700529011,1
7603.885393762558,0
7613.707493654334,1
7614.68440189406,0
7619.309028986349,1
7620.190062456906,0
7640.145280817336,1
7640.252428833556,0
7641.246857202273,1
7641.78807871991,0
7657.320077427545,1
7657.714238649093,2
7657.880434420068,1
7659.416084306422,0
7661.094512583961,1
7661.365059487917,2
7662.27507108494,1
7663.810720971294,0
7688.570735464411,1
7689.1664349166,0
7695.960263461143,1
7695.99543237161,0
7707.914039880009,1
7708.117777395276,0
7716.190064439017,1
7716.27011174245,0
7722.319523062329,1
7723.09910919746,0
7723.205590481185,1
7724.634759083814,0
7725.691214229385,1
7726.170408970168,0
7745.264210353518,1
7746.232775346818,0
7760.313453193273,1
7761.001794154812,0
7763.665677453306,1
7763.86078093333,0
7778.730343502846,1
7779.953136633488,0
7786.092803406104,1
7786.782134088498,0
7799.146147145446,1
7800.227816004328,0
7801.92945643107,1
7802.232586458512,2
7803.086802782846,1
7804.6224526692,0
7806.191834404994,1
7807.481439447718,0
7830.054646503249,1
7830.190479608696,0
7838.055561460681,1
7838.34281395587,0
7842.543251976095,1
7843.848474518716,0
7850.169951157214,1
7850.677471973726,0
7854.762830429174,1
7854.859795644408,0
7858.316387240484,1
7859.04211931509,0
7861.208616494363,1
7861.901106093608,0
7888.791160249143,1
7889.903493823242,0
7892.337016888573,1
7892.576642226432,2
7892.76248060176,1
7894.298130488114,0
7894.31991486425,1
7895.833780374468,0
7920.246545652222,1
7921.189494319774,0
7921.48129457442,1
7922.725144206128,0
7934.80720229569,1
7934.847489229794,0
7938.767304324539,1
7939.029812900476,0
7939.157444171254,1
7940.56546278683,0
7943.070461334771,1
7943.424449565348,0
7945.701303917451,1
7946.283436343866,0
7956.391810905827,1
7957.082444475368,0
7961.412298114134,1
7962.588105038214,0
7966.624857723533,1
7966.770428708896,0
7986.542510509524,1
7986.832795085546,0
7998.979795213132,1
8000.278477001376,0
8001.971552233766,1
8003.137463779894,0
8004.135231659358,1
8004.673113666248,0
8005.956534874517,1
8006.208763552602,0
8007.549192849072,1
8007.744413438956,0
8008.997353687748,1
8009.28006332531,0
8046.936436783602,1
8047.869146192256,0
8052.028510501318,1
8052.051469862938,0
8063.574365073219,1
8064.173814886604,0
8070.249732293424,1
8071.002812341614,0
8076.585949789759,1
8076.857063013743,2
8077.831809796624,1
8079.367459682978,0
8082.92981383402,1
8083.54978335366,0
8084.93723770691,1
8085.085433240014,0
8088.130118842911,1
8089.267756910696,0
8091.732352019581,1
8092.126743689214,0
8118.628307648986,1
8118.805794526684,0
8121.995822332652,1
8122.988118197366,0
8134.901795352492,1
8135.110463221032,0
8138.085540296697,1
8139.292786891714,0
8163.276350738028,1
8163.325163944856,0
8166.969872337523,1
8167.507487615538,0
8175.243273352227,1
8175.659821962712,0
8180.724832300782,1
8181.165482525558,0
8182.44394487164,1
8182.701132411912,0
8182.72981434228,1
8183.21569373091,2
8184.236782298266,1
8185.77243218462,0
8190.893419731195,1
8191.278092747466,0
8194.472716028021,1
8195.460416418148,0
8196.37642878311,1
8196.57942874397,2
8196.996066304502,1
8198.531716190856,0
8200.495963412487,1
8201.375313696871,2
8201.390702969374,1
8202.375727803299,2
8202.926352855728,1
8204.278683851529,2
8204.462002742082,1
8205.997652628436,0
8228.673874485682,1
8228.706692789414,0
8236.620939627955,1
8236.859027136588,0
8244.889258064369,1
8245.011361483762,0
8249.068823728976,1
8249.193685154444,0
8249.76270008451,1
8250.729335040798,0
8255.531193625576,1
8256.234995603644,0
8259.568041263359,1
8260.417319274326,0
8269.523869327828,1
8269.584800509519,2
8269.892990513664,1
8271.428640400018,0
8278.939602709222,1
8279.124407317586,2
8279.580974747192,1
8281.116624633546,0
8284.920894066138,1
8285.298948304228,0
8286.539120203615,1
8286.834598190582,0
8294.868205204408,1
8294.986932537756,0
8302.758444921471,1
8303.13926688493,0
8317.814503445591,1
8317.908285692924,0
8328.177493084081,1
8328.707293824426,0
8331.845064600818,1
8332.889617495108,0
8361.174772124149,1
8362.215342116906,0
8362.562742474916,1
8363.75099200326,0
8364.73696090623,1
8365.286641889614,0
8375.040775736975,1
8376.085650021116,0
8386.812562250058,1
8386.884658152618,0
8406.286996154315,1
8406.947024529268,0
8412.668527145811,1
8413.776021984278,0
8416.25011446051,1
8416.635008762796,0
8423.824499893927,1
8424.78734310997,0
8436.420419726604,1
8436.909688133636,0
8446.30633757584,1
8446.385359372974,0
8446.483817043695,1
8447.921009259328,0
8453.875978040224,1
8454.750006714338,0
8456.472963665011,1
8457.464873049952,2
8457.608993492856,1
8459.14464337921,0
8461.903781596516,1
8462.003630157728,0
8478.721457583882,1
8479.41932275005,0
8482.414088087127,1
8483.601646420732,0
8491.684982468,1
8491.753980767906,0
8494.3866764913,1
8494.612967546424,0
8504.581876360498,1
8505.411975677926,0
8512.882266176416,1
8513.109048961899,2
8513.5643100251,1
8515.099959911454,0
8520.449196161821,1
8520.6056204743,0
8522.11461797239,1
8522.141270360654,0
8531.013308454539,1
8531.616941599992,0
8531.843259094071,1
8533.152591486346,0
8537.005458363185,1
8537.334915157028,0
8538.634428419923,1
8538.870565043382,0
8546.221349998325,1
8547.022899390556,0
8563.71554868272,1
8564.438591982878,0
8573.429611601133,1
8573.914263222216,0
8581.806968215069,1
8582.06659756939,0
8590.188941027916,1
8590.218931916564,0
8593.425520215778,1
8594.401255587246,0
8602.807157163585,1
8603.876926826584,0
8609.882507734878,1
8610.705924281594,0
8615.903891845315,1
8616.21158484444,0
8621.579644627022,1
8621.717245407286,0
8625.929861665058,1
8627.222905970132,0
8657.254668961041,1
8657.871967484094,0
8661.803086456941,1
8662.054291154776,0
8697.6242511665,1
8697.996700237394,0
8701.8237668049,1
8702.179023908076,0
8705.452343347782,1
8706.361347578758,0
8710.365759249533,1
8710.54367124944,0
8719.605494633512,1
8720.019342488778,0
8721.227657702212,1
8721.554992375132,0
8724.593084168668,1
8725.737316045814,0
8728.952897216618,1
8729.682498781106,2
8729.919639716496,1
8731.45528960285,0
8738.477717792912,1
8739.607623950024,0
8744.674881639808,1
8745.11328451287,0
8752.357421679655,1
8753.265618860044,0
8759.212693763934,1
8760.094616315054,0
8761.912641554824,1
8762.953603093572,0
8778.67356445961,1
8779.04595879373,0
8779.371343597378,1
8780.581608680084,0
8802.513429757863,1
8803.290648841062,0
8806.800265186658,1
8807.472972511744,0
8807.528821322628,1
8809.008622398098,0
8814.421754978129,1
8814.514282960944,0
8830.433106276325,1
8830.447100532477,2
8830.606638661102,1
8832.142288547456,0
8845.544258187497,1
8845.587970463286,0
8848.926593490342,1
8849.770294133968,0
8860.610928521492,1
8861.892639157634,0
8868.778322176961,1
8870.044973504808,0
8879.761640366964,1
8880.84398163631,0
8911.569750475122,1
8912.816380042436,0
8915.720000891057,1
8916.123126853397,2
8916.998703713118,1
8918.534353599472,0
8931.158200322287,1
8931.980035515302,0
8933.958663306243,1
8934.83902229382,0
8937.400767401826,1
8937.698009072338,0
8938.394780431463,1
8938.51087655203,2
8939.233658958692,1
8940.769308845046,0
8949.617369151575,1
8950.244980084384,0
8960.63124309212,1
8960.749027399326,2
8960.807574360673,3
8961.043988215886,2
8962.57963810224,1
8964.115287988594,0
8973.359313780687,1
8973.590959227932,0
8973.848114818147,1
8975.126609114286,0
8976.834391753192,1
8977.985595892804,0
8980.698861652603,1
8980.844582671322,0
8982.892246346019,1
8983.70356944984,0
8989.197455341822,1
8989.209230012686,0
9001.875574180851,1
9002.654911928516,0
9023.579896550267,1
9024.04061519733,0
9025.723680807923,1
9026.899601975848,0
9031.406393774079,1
9032.405262538694,0
9045.910899825568,1
9047.174281346688,0
9072.885848146316,1
9073.853332184158,0
9079.048014071101,1
9079.358992747004,0
9082.382962106268,1
9083.541316417686,0
9102.64628434239,1
9102.679453414869,2
9103.603682794336,1
9105.13933268069,0
9114.703913912872,1
9115.938340812192,0
9132.441599032969,1
9133.354033404514,0
9139.71902329706,1
9140.183030859524,0
9143.72346041625,1
9144.365354530206,0
9146.423798875757,1
9147.224341308724,0
9150.677849708798,1
9151.406664979406,0
9160.187103315143,1
9160.882336218744,0
9191.551974512769,1
9192.85473462487,0
9215.175914124961,1
9215.563774785848,0
9220.884797303163,1
9221.069435348694,0
9226.682713537484,1
9227.898432803704,0
9229.878790766219,1
9230.698814732546,2
9230.757419582222,1
9231.336627420249,2
9232.293069468576,1
9233.82871935493,0
9237.957593233048,1
9238.011043025612,0
9244.731971905455,1
9244.840040480622,0
9248.493522109463,1
9249.022364151304,0
9255.577507451791,1
9255.851361606314,0
9258.396755521564,1
9258.710348384832,0
9262.979261586197,1
9264.216008947678,0
9264.358507781897,1
9265.751658834032,0
9268.635035562866,1
9269.841253084715,2
9269.933982504714,1
9271.469632391068,0
9273.941294180107,1
9274.328619169586,0
9278.748029215294,1
9279.834279732432,0
9281.223232684903,1
9281.369929618786,0
9288.934235204939,1
9289.52226396596,0
9308.828022083927,1
9309.58463034261,0
9310.503561231008,1
9311.107570007673,2
9311.120280228964,1
9312.655930115318,0
9317.128956355219,1
9318.161590678164,0
9325.879915653086,1
9326.313925025338,0
9343.076929705367,1
9343.72961761766,0
9375.861646359214,1
9376.328667008782,2
9377.02535291595,1
9378.561002802304,0
9400.531709096248,1
9401.270042963282,0
9409.0657410299,1
9409.422377310456,0
9411.098809478515,1
9412.281364088974,0
9431.816294557711,1
9432.343730465624,0
9438.201580792368,1
9438.208887023714,2
9439.172727920634,1
9440.708377806988,0
9499.635879932013,1
9500.470850948558,0
9502.631915071881,1
9503.329837727076,0
9520.646311897643,1
9520.745530319398,0
9526.536598878246,1
9527.574527774408,0
9530.187559139793,1
9530.433514552926,0
9531.696204489188,1
9531.96916443928,0
9532.167948357365,1
9533.504814325634,0
9544.270754227993,1
9544.303822457136,0
9545.438319131786,1
9545.83947234349,0
9545.991168777463,1
9546.899576928985,2
9547.375122229844,1
9548.910772116198,0
9557.390093767575,1
9558.386443355536,0
9567.393540343646,1
9567.862114594874,0
9570.263139099792,1
9570.721101373392,0
9572.39323179414,1
9573.58008815191,0
9575.568726482129,1
9576.439074930428,0
9582.505021167115,1
9583.268072385438,0
9584.568923490389,1
9584.803722271792,0
9587.145152384275,1
9587.582891705634,2
9587.66270905031,1
9589.198358936664,0
9596.025980760129,1
9596.027356391674,0
9602.131233472457,1
9602.856353846684,0
9604.811783707708,1
9605.715340625202,0
9618.915701837036,1
9619.161022541032,0
9629.584759528498,1
9629.960030672534,0
9643.572968980825,1
9644.729049480528,0
9670.000473146235,1
9670.084763425834,0
9671.986925401893,1
9672.943750204352,0
9673.598698814238,1
9674.479400090706,0
9674.796883673423,1
9675.176336956464,2
9676.01504997706,1
9677.550699863414,0
9677.78736348574,1
9679.086349749768,0
9689.859751617443,1
9689.88535788127,0
9689.888450623806,1
9690.531623744994,2
9691.421007767624,1
9692.956657653978,0
9699.593940328365,1
9699.785655108988,0
9711.252647310976,1
9711.908000132654,0
9719.953414887681,1
9720.060334479828,0
9728.140109339579,1
9728.212668827002,0
9731.955562012771,1
9732.394992497684,0
9733.395133795657,1
9733.930642384038,0
9741.747502913827,1
9742.082976731212,0
9743.13025780358,1
9743.618626617566,0
9744.0430566988,1
9745.15427650392,0
9746.296448427365,1
9746.572178730807,2
9746.689926390274,1
9746.791765397201,2
9748.225576276628,1
9749.761226162982,0
9752.499689126496,1
9752.6202129415,0
9756.408871973265,1
9756.802536612182,0
9764.596630642181,1
9764.954870959356,0
9789.405475995219,1
9789.62434368138,2
9790.310584904662,1
9791.846234791016,0
9794.057066551558,1
9794.705221569534,0
9801.87055475278,1
9802.857555916708,0
9804.173251947985,1
9804.393205803062,0
9811.576392708253,1
9812.545540150236,0
9813.859718473754,1
9814.08119003659,0
9817.820552428115,1
9818.263513707272,0
9837.580966710805,1
9838.325880083922,0
9840.653881601567,1
9841.18486686244,0
9860.347051691574,1
9861.24723323909,0
9861.54125608871,1
9862.782883125444,0
9863.512148408829,1
9864.318533011798,0
9872.635026309237,1
9873.794204251136,0
9876.253743614208,1
9876.653191029654,0
9877.701907418307,1
9878.188840916008,0
9880.061973108801,1
9881.047827694526,0
9890.873113354676,1
9891.846835826028,0
9899.95104929053,1
9899.999170173202,0
9901.852873984853,1
9902.85815695172,0
9903.637722335787,1
9904.393806838074,0
9920.278923708718,1
9920.486162538232,0
9921.282660641002,1
9922.021812424586,0
9925.075964813443,1
9926.204136095268,0
9929.057199983295,1
9929.063122873786,0
9943.911434089973,1
9944.026357353455,2
9945.155478573944,1
9946.691128460298,0
9956.464671437409,1
9957.4901365918,0
9969.225771523274,1
9969.612481615466,0
9970.873603626309,1
9971.14813150182,0
9973.46389005366,1
9974.007118280338,0
9977.960135990553,1
9978.18944195102,0
9979.078839248774,1
9979.725091837374,0
9979.763535441314,1
9981.260741723728,0
9987.761543201143,1
9988.089739178738,0
9999.463065119481,1
