"lifeTime:vector OppNet.sink ($0=54, $1=7.5, #0 - PreliminarySimulation-7-20191008-08:07:21-8328)",
6.805341363189,2.717521193223999975
40.847009382752,0.994932609708000011
46.476451887427,4.602717040263000195
46.946495891196,3.237803808519999815
48.079278733463,2.284352594475000043
59.783263331738,1.865576104305000087
64.422471906625,1.332900765213000043
68.978199291501,2.292757448235999351
71.640594582133,1.795970118596999835
73.143560178489,3.03151429988799935
77.000070750305,2.996666492710999367
94.017225229911,2.037398631388000137
106.13495459031,4.096682869620998687
107.222603076278,1.733596924378999918
129.85057954228,1.523041885506999806
132.104304852071,2.330698257087999705
137.324412034072,7.5079482114459992
141.135085111307,1.765539331984999897
147.820674547246,1.674865103680999827
157.299635430096,2.369107772781999787
165.440834710606,2.367268333401999482
171.506968984788,2.286063116056999956
201.96567856557,1.646203698697999757
207.452153057785,2.47732814693400004
214.001544021139,1.443908831911999696
218.197627179728,3.092626019668999845
226.630990266435,1.445207971908999847
232.995638585243,1.964559918054999956
243.042295411642,2.741068083701999377
244.136139525243,2.520377631903000007
282.225097132565,3.114873072032000132
284.119404762152,2.687687635256999375
308.628665894024,1.851311316866000025
340.33362339299,1.525973674987999733
350.327998436275,2.944555093955999667
351.290838588531,2.761687652790000047
354.474169905078,1.588084923020999897
358.354725557964,1.822554711730999691
359.820450067709,1.572594124359999672
361.411257124997,1.306404054121999887
372.154668096369,2.089862280733999702
385.163108703953,3.317793610595999515
399.683609533607,2.44046526950799957
403.165242405761,1.759526748433999803
406.294408868968,4.62478982786599955
414.753596576897,3.297652832108999717
414.856724262903,2.766579184651999577
436.088781029581,2.68574130874699967
437.314006092284,1.748599233483000051
442.636862606152,2.86855956076600015
447.778271548966,2.102201464723999702
456.78477665115,3.67344352212199964
468.043989183597,2.053065467641999922
470.088927512856,1.233850140216000031
486.944185779374,1.807588893513
493.969414535112,3.242835441002999795
507.868073193558,1.258031773498999857
510.171819253044,3.109459412329999657
514.73857768856,3.12782126068399967
517.81972188895,1.553723913938999772
525.94614737642,1.387327353644999922
573.657724028682,1.866419998092999846
580.508091589901,2.27313096621499965
583.349228736435,3.034451582992999427
592.852544308325,2.139885958264999378
599.704479398118,2.064211177914000212
622.352707719635,2.913226400321999405
625.033812021867,2.878034235547000097
635.158139691917,2.310894753528999415
636.587975573584,3.309166431708999477
646.14469526656,1.710989084567999801
664.004274719314,2.200789145931000043
682.300754682563,3.55597515957299935
682.663744594061,3.03652451983499992
684.007178694093,2.918923731988999557
690.508195616247,2.452630266541000015
692.962475825606,2.201071381360999433
708.088089588757,2.222849878394999472
713.983274167748,2.654378691933999327
726.196098858503,1.649279953420999858
736.749009611413,2.387457100173000047
747.463886929241,1.330740509766999751
749.793884852487,2.149936334741999735
752.925669976022,4.228404808834000037
752.957775269408,3.23190376563599989
754.376438126115,2.790607627423999467
755.66898765708,4.06687137133799935
758.011054280772,5.877677569347000015
761.839253285167,8.004768548430998685
771.727932932913,2.395471216774999405
784.000616570761,2.412763439799999952
790.337149664255,2.769142260706999525
791.648602328849,2.181121992581999783
797.683382501011,1.225012352600999937
801.921559284651,1.697092570395999806
808.739991826836,2.455617959875000077
811.45382770444,1.353237883116999988
813.501103158327,1.771314657720999712
850.053033771355,4.461903932055999865
852.247796204984,1.985856241680000066
858.584960523308,1.452785151909000032
863.547882562921,2.268830156283999413
880.668529494169,2.527779811580999502
885.943617227584,2.33888930302299957
890.562512370758,1.818795698709999788
896.968662803999,2.86500667343300018
899.555991337127,3.09198117749799993
901.215906470772,2.22550808392599996
921.284242113185,1.18188001503899986
941.899907924015,1.945941704053999901
956.704474628458,2.806197085507999832
957.50285867793,1.558206850351000032
961.03520404837,4.337428544605000255
961.8694207834,4.029690531170999162
975.63369799269,1.367813874122000056
985.145280782555,3.466525029798999557
986.785120436926,2.34541371710099965
989.83704180624,4.520990018103999455
990.23338697339,4.326706083501999677
990.958123727606,2.450988501788999397
1021.87518160281,2.072754360042999613
1030.704865354727,3.038215730536999877
1031.480684629044,1.795928054171000093
1061.345614229468,2.034245227785000047
1070.147367837725,1.752757757691999701
1071.59401476605,1.74442255216199981
1081.341334365038,2.218148428187999946
1084.038927375464,3.215894995184999757
1086.46699508959,5.495840093584998675
1087.681832162715,5.95631325600299986
1089.434926064727,5.89287636825999958
1090.516652898388,1.87892508212499986
1092.003965132236,2.579343169431999695
1109.9668076135,3.291321830332999617
1118.780720609532,1.449300680836999693
1143.545403035205,2.694064339449999662
1152.47072333678,2.028706321309999603
1159.407165716395,1.54297959131899986
1172.480199380247,1.391589623123999691
1176.491876180678,1.558113614303000097
1179.333690562681,1.162137248801999862
1188.091978330677,3.462412597932999587
1189.460833788406,1.893080978451000087
1193.406502723116,4.882749883987999675
1193.713075843387,4.254330883344000095
1193.73680835544,1.397136445855999825
1201.4271739508,4.211558567922999415
1203.856088362537,6.229976406878998655
1204.706046334493,6.11110129315799885
1227.394915107642,2.481687012281999382
1255.893673686952,4.94102744800500024
1256.153830693388,4.542168514834999695
1261.559751618436,1.627469279964999675
1264.560069466929,1.824926880097999852
1278.506426912592,5.702594167176998825
1283.561609245928,2.657014314399999565
1286.228874885409,2.130762798457999977
1299.341819513382,3.382830486633999975
1306.352821827144,1.665279012495000093
1340.252217487704,2.377286827316999572
1354.047424781526,3.12975569377699968
1364.222956057106,2.548216673624000165
1367.511428874453,1.99539402927200004
1372.056184025304,3.281038624074000142
1375.179262244945,1.626973630546999943
1389.636224563808,2.93931882985800018
1402.512758877091,1.734558207145000075
1418.603967069216,2.239268484351999425
1426.446552646478,2.18884993330900012
1438.696908910258,3.338529660993000182
1461.283478193547,1.328020074662999756
1463.905394647671,1.72787892034099987
1474.685000525681,2.145066469332999928
1476.616750498691,3.955249300909999365
1478.183206006172,3.565968292702999405
1484.032796836212,1.977115560887999993
1491.603285917184,2.133804423835999657
1496.038446662881,1.544697068350999731
1501.986383286161,2.31003950261700018
1510.667251085521,1.951019786095999901
1512.380251046382,1.712374815206000093
1515.953959284916,3.099506484506999717
1524.06019628171,2.87180618310099954
1529.264785057381,1.686690184299000075
1531.467669544369,3.340802654606999752
1535.673934023944,2.218820190901999991
1546.765305216303,1.374056125639000031
1547.976644795224,2.29710460602700016
1554.293403962023,1.986184308758999863
1563.639888109759,2.858843343420999425
1571.421596687404,1.729833147019999901
1577.133467164875,2.272196736590999845
1593.798486713763,2.968538709401999915
1594.287584658805,1.76632602864600007
1598.931033592043,2.642719782829999525
1606.647159813807,1.97999610739200004
1609.556489420831,1.532754829196999675
1616.272875693855,1.888162096755999987
1618.649652772884,3.16894802733300017
1621.360871053267,1.935264554814999808
1625.207574212971,2.41893554105500018
1626.463313241467,2.026072461679000003
1630.693549652136,1.349886417628999962
1632.690217469685,2.111096326916999993
1633.688254099897,1.928558731308999788
1638.936425885265,2.54401381637099976
1642.041763394684,1.129831288589999701
1651.09796272786,2.772935709838999492
1675.556506382941,2.039923705355000108
1678.753522661182,3.498416658631000137
1686.133681137722,2.63361803073299948
1690.261866528241,2.568593756189000197
1692.18606327263,1.987627209693999743
1694.076500572766,3.391980260989999592
1696.532332920606,5.01705493220199903
1703.684067960951,2.138491547073999566
1730.651719392708,3.508091381702000062
1740.335496121782,2.264281174913000062
1766.955474650772,1.765997484430999788
1774.694150018031,2.560557829266000052
1784.25607876504,2.40318363809199997
1785.866601229006,2.221396167264999543
1795.374379925741,3.701636897010999392
1801.450038046573,4.40698112898899905
1810.369311502796,2.571239241619999827
1826.310902924397,1.3456916132229999
1832.955408185141,1.795761009225999672
1841.532107530964,2.254273010558999415
1851.295046332985,3.882790292774999752
1857.313158727138,1.376240117267999878
1861.534121357482,1.207964202517999736
1865.072089289752,2.141725842789999658
1870.227984007643,1.607893984361000053
1873.138980143336,2.18160025293899994
1875.817484915854,1.546478093844999785
1880.332016357024,1.779507909309999902
1881.404220106264,2.436435740500999525
1889.548795002796,1.778985927467999766
1893.878366112479,2.041517091879999406
1900.513554173827,1.395085277208000011
1907.32316988934,1.700332512032999945
1937.973728544359,3.383598179272000002
1943.744033732358,2.226044410227999916
1962.549964707419,2.441433078954999825
1963.654713170992,2.841387060953000077
1970.100759368863,2.972865818916999625
1972.305659950663,2.163658118927999743
1982.322814008629,3.10247598315799954
2000.488708439785,2.26414565094599939
2016.447535739831,2.287929100011999663
2021.116716791895,2.41156593550699937
2031.801257949308,2.458786781933000037
2038.209047908155,1.508525990427000078
2043.227337484125,2.603020097852000157
2053.598946091259,3.630632650128999815
2054.012889881325,3.88077405477499935
2056.450520488593,1.512399676502000015
2064.508420300987,1.831958002072000093
2067.456344439309,1.728643792760999878
2103.92462083755,1.886570116155999777
2113.462288962819,2.97070675745599998
2120.78847050067,1.395643832411999957
2140.908457462278,1.11854153595899985
2146.360610553813,1.66995672162800001
2148.493229992781,3.45480772658700007
2150.407224846575,2.072545267393000038
2153.900207014385,2.074696578084999737
2170.239113073426,1.61737928256899987
2191.718407238257,2.460100226969999852
2200.217004229762,3.161805258894999842
2200.856605703232,3.125027061175999587
2216.415595985522,2.123386707923999407
2223.077331942933,3.349434098526999462
2228.379571088508,2.624692784910999765
2245.496798935227,2.207030411669999907
2248.131793073683,4.811224428900999315
2248.557347908369,2.115354256440999937
2250.195661546416,2.330148986629999352
2270.840714940816,2.507986572614999677
2271.827862137163,1.848990010456999835
2295.864567801097,2.513559801682999852
2302.365218224691,1.635900856685999821
2315.855416337291,2.453851215245999907
2328.231128728449,1.560183994432999813
2329.81296036011,2.383380545781999862
2340.601252808811,1.859238901052999707
2358.907749972912,2.464767039464000212
2360.510057511972,2.81921826974599997
2365.046965260083,2.524134035198000157
2368.562539992412,5.75199314986999963
2370.011107603262,2.660912036869000007
2370.815732153844,2.143902278028999565
2373.621431870466,1.165889175013999685
2378.22889472722,3.879435359216000002
2380.092777651628,5.40629732375399994
2382.047861536477,3.370164078080000165
2383.359198758815,2.536301459898999677
2386.592656105113,1.390626592265999935
2395.566578123622,1.921971989845999922
2399.118358997734,1.973448684025000056
2400.514696526274,3.346681420633999857
2402.653733207726,4.690624312262999115
2418.077519269355,2.262352088361999406
2431.623897426902,2.262592919284999828
2451.508126131758,2.286922360040000145
2463.127139064597,3.596675751350999467
2465.196705923728,1.933326155290999707
2466.814310103059,2.362350160669000042
2468.186419811462,2.937056302092999602
2469.872835812419,4.39014693992900005
2482.23821753742,3.350198729199999707
2504.028345031722,1.920213049525999687
2513.88190702601,3.418321498260000077
2529.29539052731,1.768189234793999803
2537.038490171355,2.326226512882000097
2580.018818974309,2.095038026861999463
2602.293424308131,2.168367467767999371
2604.689481660046,3.372893168815999752
2611.919447807705,1.058861626752999992
2630.537671617046,2.695661246479999375
2643.115933329839,1.79386244741600009
2645.663981927735,1.567622492647999791
2667.100316207099,2.987995019013999875
2685.677992370617,2.341304175792999752
2691.473995270939,2.247909820949999463
2701.164063576096,2.320620643562000027
2705.797367546282,2.845434113541999807
2717.472622130211,2.402955909106999845
2718.681295926827,3.470151966658999487
2729.439445835122,2.174588447510999768
2752.821587949925,3.272190662108999767
2761.735775145202,2.390423560068999355
2792.306377608332,1.618229867284999727
2793.850748267716,1.637788769750999843
2796.104590537567,3.78542655436599949
2797.305039406513,2.646221688031999965
2803.485768384258,4.744102125536999265
2810.609268942688,3.715392564510000087
2843.165924650349,1.763953512650000102
2847.991172987308,2.059945457697000206
2861.574497395071,2.013053202689000001
2883.593634803427,2.408285439599000087
2891.133274324527,2.17373110244400002
2895.478660348865,1.598845411767999987
2904.862178883036,4.159248213489998837
2907.375844354842,3.506542714066999782
2909.156822879515,1.935338056402999822
2919.93283982966,2.174085374165999331
2925.444906155552,1.285463911636000041
2931.775632556556,2.408372700820000202
2942.974283861861,2.099020863336999547
2949.632656996048,2.470567023984999712
2965.850800122985,1.285986827379999913
2967.41769230401,2.430784873274999912
2971.748903367718,1.398886529491000001
2973.971045819735,3.420633334824000107
2975.976944968957,1.875214395398999915
2980.212177592177,1.702696013838000058
2981.818487743895,2.757556299232000175
2986.023955407404,1.816151591184999682
2988.078317980576,1.865619359801999877
2989.88086336036,3.563577902201999755
2994.411362518136,4.673594833029000005
3004.390435357429,1.631057104786000071
3017.53267205747,2.256385313488999946
3026.328183920204,1.783734977481999708
3028.989073801569,2.109474716003999707
3035.279682608808,1.372596161009000053
3039.220722908546,5.24166703371700036
3044.117283070694,1.582093518491999965
3057.671792816523,2.120501911243000127
3058.777314991773,1.918259749608999688
3060.865844228194,3.371315341286999602
3063.673431523852,2.396284967255999365
3064.563006893306,2.64684990428199995
3066.030344384786,4.024957223628000217
3069.136324052005,1.298972735106000082
3076.520184003052,3.365086204410999915
3085.724567903864,3.942581179029999367
3085.798815434923,3.588906335817999767
3090.952457466318,2.62427468240299965
3106.380726753787,3.4068030425889999
3116.297750028636,2.414845434917999955
3134.306916588324,2.684703963425000047
3137.26197175263,2.61216682233899976
3146.59336857939,2.216883201652999337
3152.279228423424,1.968934319988999696
3162.51355862842,1.083896187244999693
3176.782334998644,1.842114407706999738
3187.004405526194,2.40326640159499937
3211.282121242899,1.803033132329999946
3218.280856330339,2.753130447466999962
3237.82979840883,1.700780814437000013
3242.524873034177,2.711132734497000195
3254.437435314788,2.227908917618999663
3255.732259084227,2.484032362319999787
3258.795759616239,2.385486467354000155
3260.460318332175,1.71594711507199981
3270.051896785978,1.7392482886299998
3282.132757943612,2.030388270745000047
3286.911722619134,2.71510292437599964
3293.989154697809,1.342695283659999898
3296.274162697163,2.124161679963999727
3306.20461861605,2.452342293671999397
3306.530391560846,1.922497324006999785
3311.162237407301,2.194430047971000156
3312.498395835488,1.75306217865299984
3314.000877596257,2.734482098363999462
3319.496532432295,1.805282306849000032
3320.854022332201,1.492649360898999682
3336.159662828572,3.26827432137599948
3345.033257696432,2.31427882532599937
3347.552143463138,4.172417473880999577
3351.552986476172,2.91905707422099957
3359.049742299511,2.283503584373999462
3366.187816122344,3.383748942893999952
3371.849360589242,1.956084989008000087
3381.091610624203,1.787897671231999825
3386.007340770593,2.689648470298999775
3393.897964541262,2.653060158647999592
3422.342165710397,1.565672304148999928
3428.471702853568,5.15279662856699969
3429.633579019674,2.9094180347309999
3437.879358060832,2.275142989040999976
3458.069277612983,2.663543690113999482
3459.372573117507,1.578786096248999897
3475.043645166654,3.014885208161000015
3476.646125239067,2.22047915986699972
3479.386615405785,3.561691495029999805
3488.33579310904,1.9835961758199998
3506.933614880074,1.904486483194999902
3512.762384777076,2.89687449031599974
3516.445549351236,2.142940769361000077
3518.61032586259,2.410705123335000077
3519.820920238695,2.406085413577999422
3521.994710357127,2.50629010839100007
3524.109225670909,2.40262969495699962
3530.948316616186,2.421234876797999632
3542.538201828372,1.591109369426999981
3563.941468631279,4.54909558414500024
3575.234896412979,2.047755804738999422
3585.597957778158,1.88481040646999975
3589.581504550364,2.60557599439999964
3596.077284229809,3.354603092405000087
3612.986801224148,1.614375828570000051
3617.436003223027,2.65596166848300007
3618.772639543682,3.17311630475400007
3627.24160154321,2.628925003487999837
3629.417556817,1.452057240265999907
3640.401622103828,2.086188441032000181
3648.349997837298,2.989153651345000095
3648.795218992801,2.106261240046999987
3657.482073959352,1.986664855205999993
3661.195465499049,2.527928723742999915
3668.067010938847,2.061111848033999816
3673.945780577029,2.94640179771499965
3675.051830956135,3.9687960655499994
3709.518812005006,1.751942455576999785
3723.926656510789,2.257671129709000183
3724.672157447115,2.951049182748000087
3730.39335077605,7.945292231119999785
3730.985823880713,7.507017330596999785
3731.417820073514,3.562485393635999905
3735.850813398316,2.25171439391299976
3741.401348081592,2.046381054271999558
3744.2977899574,1.671555331685999672
3748.823222721927,2.195014314357999643
3750.198918361463,2.012648033470999735
3758.262913569863,1.31115272103199975
3763.884651240935,1.664873882298999678
3783.828054990492,1.227952109179999857
3787.779801548027,1.284489505469999843
3794.918215309682,1.501356807228999993
3804.073967118752,1.378449899705999731
3823.833525827788,2.004377101554999808
3825.706520222167,1.307972463820000091
3827.266132852004,2.46511280241399965
3830.487040853337,1.65272249612999999
3835.014671287717,2.689240565903999945
3846.228167356164,2.378881712489000032
3846.933672847495,2.069019489826000137
3851.124498006838,6.06819699341400029
3853.344291749513,8.249996396861998665
3854.206926617392,1.697893140064999688
3866.189455935776,2.228261743983999556
3880.946119640142,2.312439337839999875
3883.315224922921,4.091104367749998957
3888.893023322148,2.69416629181299959
3893.114821913685,3.562186074688999487
3893.503192973473,1.871326638390999877
3903.985337772014,2.876353174943999657
3912.644357886439,1.312838344016999941
3914.962332492536,3.617274870405999805
3917.687779071168,2.128723787812999635
3930.097762657191,2.161827039871999633
3954.704822392985,3.635307145262999905
3959.896864293543,1.311034149953999688
3964.425384366808,1.542195050165999775
3965.723052452319,2.783499833112999852
3968.519381672321,5.49137462658299922
3969.329186337411,6.083283106090998835
3973.847956462286,2.53912623535600001
3975.754893975058,1.197254428858999901
3978.979946251278,2.242030389348999883
3986.390580589588,2.60103257286599997
3992.422421605147,2.090198880598999932
3997.976143726063,1.660013438245000022
4023.140708314551,1.719000472699999883
4026.875040266022,4.65411342447699992
4028.763602666095,1.461240925149999806
4040.35038904875,2.220281900877999696
4046.954658318037,1.97918949642599972
4048.293282032823,1.39892804631
4068.501611744446,1.786875003575000058
4084.203648661674,2.307279377276000065
4085.919201980299,2.89289514124099954
4087.213943015616,4.105187006210000415
4108.214251691533,2.2425054015179997
4110.822457546328,3.216853605626999612
4116.233602724903,3.488714576217000195
4129.009108001969,1.286982260203999743
4134.520052928983,1.956266118918999812
4142.210576738101,4.098492716172000155
4142.381363103096,3.89397994121700018
4146.372516311154,4.94140458802900005
4148.669745286264,1.972748252499999735
4150.394344828226,1.782424463522999762
4153.435154744968,1.548812928159999816
4155.750367253158,2.7076110265409996
4168.940848832415,2.544918445798999495
4181.029791889216,2.015591683126999978
4203.118883476399,1.909391603420000016
4207.510637549954,2.613131778572999932
4216.672217458338,1.651305484332000077
4218.29044573337,2.095165538394000207
4232.584173704962,2.118151143938999496
4246.277909468186,3.949485257557999937
4259.629304194116,2.809660389139000165
4262.499496946581,2.153050452972999901
4265.629674456079,1.328857259926000007
4269.199409862637,3.191351152090000187
4292.466609091428,1.315337223339999801
4294.228068401069,2.926876058212999767
4296.179583155338,1.818996596512999712
4337.264203544428,3.34562362954299973
4338.973599401342,3.05534965384899947
4347.863736385859,1.687146564673999808
4358.461832637825,2.087438473735999433
4362.566332222665,4.728435733625
4366.836757542734,3.082354843409
4390.294922172944,3.591854042272999852
4392.08155637883,5.32664406206999883
4401.166996921147,2.608193391303999845
4403.39419622351,4.77665443771299889
4403.802514030722,4.065013331848000165
4405.180717605519,4.90807351530099998
4406.670815177294,3.558198671136000065
4410.071705022457,1.847794121985999893
4415.100170402615,2.215848854383999358
4417.227574294561,2.37809154292200019
4421.386191827507,2.008594543709000027
4429.10215079988,2.385331424633999822
4430.46180368967,1.281345987557999772
4432.24413113164,2.751402237178999662
4434.637901498212,5.10326233368599878
4448.474179889546,1.956196287110000035
4466.597206630702,2.468058425337999562
4493.237896158687,2.766885748051000057
4495.503456000895,1.575414192438000066
4500.888118465947,2.437483681662000012
4511.783674981449,1.943168509099999932
4518.675443345164,2.116815690673999651
4527.819762140719,1.09704832468800006
4555.367941277589,3.119545777908999882
4556.316065082714,1.983797353990000007
4557.853360983038,2.61472842734800003
4561.700158510122,1.19099782697999989
4564.634083788205,1.391977377616999683
4572.159242896108,2.75037654102899952
4573.262347743369,3.131202002380999425
4584.469502555491,2.55351320029299965
4585.856788149674,2.962903562690999402
4593.513770275352,1.908451347091999918
4595.886259951363,3.523471248155999532
4597.097275265614,1.947555713263999781
4603.451792684822,3.44248323164400015
4611.464885154756,3.496724303249999707
4627.80067932577,2.246552793224999781
4630.525607134518,1.575801642514000003
4635.795679036146,2.229589548392000066
4638.852564474117,1.460847771440000102
4658.626302066577,3.734319916650999695
4669.771507481971,1.847815724811999952
4671.30784073688,3.262538022760999455
4673.899750693774,4.880146403779999515
4674.271041753353,3.594848860206999657
4686.383414336173,1.829043626783999781
4714.132449628206,2.634778133826999977
4720.044270735137,1.354963658113999875
4741.397077847846,1.717870689283000013
4744.974740485238,2.88701546076799963
4749.725437883434,1.330573249218999882
4751.599018415038,2.953315917415999955
4752.878828117061,2.659960201887999522
4759.696260714457,4.36165482589999874
4774.427007846042,3.46994964785599967
4774.707337855752,2.169400273267999772
4783.166699424667,1.536168598364999741
4786.339081929178,1.811305354836999718
4787.678556842632,2.840601086013999842
4788.862598820439,2.198503202532999788
4790.314110882619,3.37492037923199993
4791.958727688646,2.253946739460999985
4798.727006794841,1.211781464776999766
4808.929394237817,2.794307607218000182
4812.93470301558,3.424608086301999405
4819.016887130774,2.405511590450999815
4827.805283649034,2.6618876123749997
4829.143895597855,3.853799569452999827
4833.994028654622,2.751376422635999562
4834.87368796863,2.806142127994999837
4859.390019907824,5.58329831612899949
4859.399406325455,2.173937721132999981
4862.915242270451,2.253899659016999726
4877.596152548882,1.796527231583000087
4885.025857026167,2.802801105101999632
4907.544927185835,1.664193166455999677
4911.941820883978,1.90586544243599975
4922.116588828536,1.47150827430899999
4945.51286725805,1.650989967264000038
4958.757142089485,2.282513853448000051
4962.739716674433,5.917572409673999415
4964.919041421087,5.41878571131399942
4976.159348405948,1.09432273332299967
4981.776158596405,1.862772455277999828
4992.982875343503,1.72868048161500009
4994.530947205045,2.423307826125999915
4995.974282784897,2.436505326478999745
4998.91248457851,2.395505671387999402
5000.436229790781,3.523328662569999975
5001.572828393344,4.610621437623999327
5004.578654129383,6.438843500097998855
5032.812497172925,1.612414116997999965
5040.156989914975,2.378497046516999437
5051.247316717827,1.682964217624999918
5053.52578193895,3.368048872289000057
5056.984436244479,1.337951898040000026
5061.325902141665,2.32300992964199969
5076.657957078034,2.275811206856999991
5086.685030393077,1.999217751763999727
5096.555205386322,1.635109201299000053
5107.464597273812,1.477530972239999843
5109.294698938311,1.957162456247999665
5115.734304412225,2.001965601171999501
5127.953320061154,1.521047531075999872
5130.156467152129,2.80589161588999935
5132.137307978882,2.410127136784999447
5148.761302174828,9.36674326683099775
5148.984337158972,4.7657028517790003
5153.126734019707,2.748207361651999737
5156.618177546785,1.707024269019999702
5161.774358506326,3.52677349225199953
5162.567778175738,3.986222576810999545
5177.366533644952,2.343849465378999845
5182.636871316926,1.801579598460999678
5192.074148538551,1.179633778732999788
5193.883056757106,1.954893539531000082
5202.457169666275,2.556607393779000137
5204.23185956037,2.41246182647299977
5211.508420718687,1.860513114178999665
5216.150075655305,2.329840532506000082
5224.201404611736,2.364264168345999717
5229.967246197026,4.301556102573998767
5230.894837209042,1.483855012145999902
5253.985258970683,1.727792385059999875
5255.113498352703,2.37475510519800003
5258.563916643492,2.774784760360999402
5267.49316666312,1.507783414364999957
5272.874534933634,3.258271704975999925
5275.674198078824,1.497247820943000012
5280.451883997195,3.741422514043999375
5281.89799414331,2.459421704770999632
5282.964937429415,3.072860898625999745
5291.13981704497,3.650222003049999645
5295.826791494873,2.395669683380999602
5302.268347367604,2.021449423994999597
5312.110228909991,2.173066702363999335
5313.967921295196,3.01336757931500009
5317.418029975234,1.294519141564999913
5324.765284304027,2.112101157973000012
5329.275903732108,2.081256704589999445
5352.853259283534,1.800990654152999852
5353.957185289685,1.59365493742300001
5357.160425634191,2.591825530428999425
5363.087400615265,2.285815170873999757
5366.41356451746,2.254986543571999558
5377.565312198011,3.215883106636999482
5381.405192914137,1.483293499751999971
5394.027033803714,3.41470488016799932
5401.857560931443,1.967741670474999696
5424.82488622404,2.011865009745999788
5429.633867107308,3.197093292619999955
5433.594158062554,6.06893301297199981
5436.637477896528,2.137541438790999663
5437.223031747268,1.483070062762999788
5439.62482074363,2.631321320260999727
5452.8801325482,5.99915227247299929
5472.671004889673,4.083127944764999725
5528.523071429268,2.718659069173999562
5532.292175853919,1.673489661216999816
5545.738700311948,2.114444695462999838
5552.231611954231,4.367806027142998795
5559.482539471194,2.106672202796000087
5587.444832634868,2.434534645719999437
5604.23558190883,1.897301100478999902
5634.764205624879,2.554596771358999862
5635.811228974952,1.365425141892000031
5638.035677911785,2.098731171607999702
5657.539390761453,1.849295332112999891
5669.219840000494,4.257975237367999082
5680.109204527469,2.075819203291000106
5689.070271898092,2.960007873618000205
5694.23684738566,2.624959626713000197
5701.097123221385,3.583550889927999515
5705.034495642209,1.513240113713999683
5710.514350122435,2.023058882254999516
5722.895083613313,3.523338329437999392
5725.88042428965,3.922979481291999787
5733.217365296821,2.981598618058999492
5737.763739013724,2.156701133491999647
5741.842348429993,2.254643846128999477
5743.429752542167,1.959965569990999682
5745.080959076025,2.371174036449999347
5754.174345042913,3.15642612357900008
5761.484214382754,2.289134296873999822
5774.159384604388,2.563965296667999985
5774.999536723222,2.945478975827999327
5792.695587290488,2.819897033630000197
5801.046865245362,1.762760877082000016
5816.566166511329,1.76714381938599984
5826.686279774529,2.61912280036999955
5828.95563542308,4.132810887964000187
5830.234701684705,2.460558945566999602
5839.745755303848,2.555262844455000057
5842.992621616853,2.987786688908999887
5855.25235933851,1.922685382083999962
5877.144749459044,2.163692990558999432
5896.867193662285,6.004992778847999065
5901.37453884932,3.594815586165999815
5901.692565827626,2.474593316328999915
5903.498432299204,1.616021910115999818
5909.77107104351,2.763828166997999592
5914.875955409297,1.591455051422999915
5929.375110294248,1.511963806412000006
5938.291652840031,2.566931418109999352
5945.567058370094,1.25393738614000005
5959.916634448403,4.092198479558000187
5965.85382840349,1.616232382283000028
5968.941853427345,3.113512549841999532
5978.784161018159,2.134865027483999525
5987.393624974337,2.483886800858999587
5988.241666269852,1.686218397203000035
5991.155319473323,1.917196496517000075
6009.778370577189,3.732655939967999692
6011.151499276618,1.409735221944999668
6022.719863641297,2.075691232760999753
6030.896664105642,2.06680589296500016
6032.820839413084,2.0644322515329998
6050.409519855753,3.64260867698900002
6054.900390226746,1.486604057534000038
6055.941675108236,2.065122372440999491
6060.427032622646,3.640988299166999717
6064.573811999188,1.837988796474999901
6071.20428089783,2.105903766219999963
6073.974036615118,1.960143226230999671
6079.843426768106,2.277740922929999625
6081.085862590596,3.171131094122999967
6085.618039362577,2.328744078410999827
6089.18741558299,3.24020360139599982
6093.94205025754,2.486368812580999495
6098.126231010782,6.24782344364099981
6098.197538026824,5.427371778608000215
6098.285064165298,1.630906431175999753
6101.187632707138,1.852790051112999762
6109.212282296503,1.360177865150999916
6112.626858278545,2.301777709472999856
6125.584320763748,1.690974167153000077
6127.497215737035,1.878842278106999766
6136.501714458398,3.15848906714999965
6151.977818086728,4.179604968495999255
6154.131824782963,1.952820096511999718
6159.435926228211,4.44318416511299928
6160.803694992752,3.482238010677999525
6163.028075605977,2.227241682848999806
6166.312425392517,2.041054778526000027
6168.092374016642,3.809399380517000095
6187.882686534415,2.69519521325699961
6191.679500204701,2.560539158660999337
6198.546521021935,2.091900700357999902
6207.854426906211,1.426040214329999937
6216.258136943643,1.573422286320999668
6218.90787564854,2.256616438872999441
6228.618855535634,1.70566392110800002
6247.080547061423,2.410400164172999727
6249.827716957135,1.370638585223999945
6263.906348177142,5.357630135420999175
6266.439088353053,7.863938356292999605
6276.612355305314,3.50889981078599965
6279.798219770388,2.334565178595999757
6281.822235989054,3.35731293695500009
6293.925472280711,2.030823433273999603
6302.030573948537,2.363360515602999525
6306.377895427226,2.51573699636599989
6321.061744833741,1.575309044644999981
6328.068409488668,3.34431203586499935
6338.429209137865,2.135879142638999353
6350.441976395051,3.283212798325999757
6362.537250499524,1.222714107875999985
6378.972927674599,1.558766436203999897
6384.476081112087,2.75176167067600018
6394.947111836303,2.110187278111999901
6399.539803374109,1.616268542309999827
6401.524219337964,2.04131657558499934
6415.189417980988,2.756901793642999352
6419.561910459833,1.703418576617999663
6425.523093747713,1.932944684859999808
6428.69442175413,1.910327761886999808
6431.522123610837,4.4055174491129989
6431.956127033381,2.31295769284299978
6432.363838464566,2.058111149925999853
6434.066621285559,1.593624245627999862
6440.859971255073,1.543231707622999762
6445.346055259759,2.211303619506999488
6449.720867606734,2.511421412642000017
6455.05058107464,1.75593655185199981
6456.86369506567,1.832784405016000031
6461.786020537811,2.165197973860999871
6465.000178794973,2.493265134968999585
6493.328568226387,2.711185820924999477
6495.519403488234,2.929248633531999587
6501.444526215216,1.935298594882000058
6521.241012794754,1.419356860583999675
6542.796405152726,3.559286688119000165
6543.703402497404,2.31401536879499935
6548.12407410006,1.762752279966999671
6551.723726602502,1.778029817141999915
6559.812203776772,2.4537917419930002
6561.9765037237,2.75549549039499996
6564.064756403142,1.750115402390000066
6571.313814405909,2.524875803782999905
6579.54656623631,3.90847092887200008
6582.359251781913,2.578929217696999557
6602.47942870121,2.124430108774999928
6614.571215665826,3.04672544590499948
6615.8614112186,3.918924175473000187
6618.63106109669,2.882252553344000197
6634.419931093002,1.855170120032999738
6652.128610161349,2.2457214953259994
6654.522358902357,2.458447348510000007
6656.064570166565,3.601053887912000187
6694.134078697948,2.29309453527499939
6704.328230460279,2.993057086180999515
6705.448234540322,2.31389218957799957
6712.808090767227,1.981833912117999743
6728.338936621774,1.089237071504999926
6734.145173858153,2.206552580581999647
6739.353663942693,2.908418960426999425
6759.501269643881,1.356572452248999911
6772.492794379602,2.96412729055099965
6776.517460441273,4.145803197378999255
6783.120842465174,2.42283206397699934
6806.98351326692,2.247235855379999581
6808.357348047893,2.247198017577999522
6820.774868436751,2.562835267929999705
6822.223255801179,1.584531657143999788
6826.20285670237,2.477458919036999765
6852.813505654721,2.716522372220000027
6866.272877530772,2.263903980371999571
6882.321500471209,2.234593775410999676
6885.14344901233,1.477873429435999856
6886.999613239578,3.098662602745999795
6889.194285558364,2.405491003207999677
6895.606877466349,2.617280418138999907
6900.448761954926,1.896545942228999847
6909.409599000624,2.075910481973999735
6914.980794177237,2.462561313211999437
6915.68897953629,1.921843093267999952
6918.429485087495,1.997743037712000003
6921.427585033616,2.143996960957999846
6923.406114906978,2.76026039639899955
6929.589647600452,3.155527126139999962
6937.359083487163,1.874598828117999707
6948.180465149792,3.054309874052999687
6962.068353758441,1.271961633885999803
6963.661233515107,1.036689518928000094
6965.718694373758,2.571524602589000165
6978.662287576041,6.133464355635998875
6995.710986514546,2.22350172349199936
6997.353006282695,2.426368405135999485
7004.349059366735,2.041229191030999415
7009.843402348265,1.204890816043000073
7012.205913999125,3.473267410739000012
7016.987303695742,2.565532016257999525
7019.16673323156,2.430500077665000077
7037.641284190086,2.076374039724999668
7039.00405476099,1.64847376674199974
7042.852999916002,2.929842730385999507
7055.374061435394,5.040125515434999295
7066.406152822286,3.331215392034999377
7067.226579772616,2.971693539858999412
7071.28388333813,2.458494485751999455
7073.184855922136,2.123412428092999343
7076.780438427277,5.394849391740999405
7084.472349067939,3.20499943991200008
7086.848681480502,3.04365535020399934
7101.236875609616,2.279359963139000012
7105.319360310797,3.741951269942999742
7106.002799761971,3.67564263474100004
7135.334539428295,4.79472696412299902
7137.104568439935,1.897840189018999971
7139.717147565344,4.429128468121000117
7144.520236313078,1.935970830080000027
7156.608035510909,1.467326882230000066
7164.644425229471,1.610607692577000087
7170.042438715477,3.190397634125999625
7176.009215405235,9.123140424321000755
7176.544963053637,6.765734124137999555
7178.993243596069,8.88897028276799969
7182.644116316948,2.02400638851799996
7200.350021777095,2.129310255212999431
7202.36207762536,3.094265673964000192
7208.75891278269,1.497012604387999872
7216.126642262147,2.88201757453499939
7216.916785725671,2.800637930648999672
7219.254330557181,4.64120891758599894
7232.140815948746,2.588370390991999932
7235.076389827971,2.695557395713000115
7245.382918316577,4.943585009006000045
7252.17358476954,1.203927405383999887
7261.463630243999,2.474827087187999362
7271.44468140846,2.197918520684999588
7279.759755358703,2.506834801910999375
7284.763346263788,2.20909469182400019
7293.230284549954,2.024482382956000128
7294.503985423182,2.921419462223999717
7298.37612497862,2.648498038531999822
7299.229883351249,2.529477662475999357
7303.252852757346,2.473882845836000032
7308.540281454843,0.997695521767000045
7325.557545329394,2.453659889848999842
7326.457241462036,2.604792079061000175
7329.432342721717,1.94192387809599997
7331.177928356556,3.304499225912000057
7332.883323206137,4.275590142729999582
7336.590547037657,4.396233405666999142
7344.836534582064,3.41306839379699943
7351.407490635136,2.31205347717399955
7358.488285904993,1.523565519316000031
7364.961423034317,1.936158570112999733
7407.545502409895,1.316186328449000072
7423.917495930939,3.935066089188000032
7425.593245256897,3.504593643165000195
7427.100802717519,3.474800089627999342
7433.843070153236,2.043668390811999907
7435.913480336371,3.649038914923999657
7439.624370936925,2.674155376266999602
7446.829526157808,3.53363013198099994
7447.156152965683,3.31934450735700003
7449.215175012244,1.492115157196999933
7470.996193371974,2.578065753971999985
7489.282568284315,1.699714246035000091
7494.325618582997,2.122019342912
7495.61146488517,2.598511004767999557
7497.229649283794,3.478466392159999632
7499.686246433978,2.161859126880999672
7500.843145282255,1.170820398317999883
7502.639103736579,1.524479447195000053
7505.929726871463,3.941693986068999665
7520.451147713991,2.45140601511099997
7528.592588209915,3.329037583249999865
7529.138836307528,2.039890337301999415
7544.519503665136,1.299959282564000057
7550.454507830778,1.962961334687999931
7552.204303492131,3.286184711024000102
7553.697003806715,3.732888756784999967
7554.819928669319,4.408194075351000037
7559.17177551994,7.812908971793
7559.968769467034,3.093916733628999425
7577.66635146777,2.320386422242999725
7586.611504689995,2.421730092534999367
7601.074015130163,1.385929788189999895
7605.827062503001,2.467361973990000112
7616.77631719417,3.068823539835999965
7622.05073346755,2.741704481200999402
7641.507194333617,1.361913516281000097
7642.862420984778,1.615563782504999762
7661.161342009468,3.841264581922999342
7661.462503295055,3.748264645962000132
7663.464482461765,2.369969877803999472
7665.161017448141,3.795957960223999437
7690.655240545773,2.084505081361999847
7697.286373777396,1.326110316252999682
7710.195562788625,2.281522908616000033
7717.627222499107,1.437158060089999793
7724.045277082372,1.725754020042999928
7731.100535274112,7.894944792926999315
7731.177788766185,5.486574536799999155
7748.067272560679,2.803062207161000062
7762.26059353833,1.947140345056999946
7765.269510045402,1.603832592095999926
7781.440011340351,2.709667837505000052
7787.926225749851,1.833422343746999852
7801.157684230855,2.011537085408999551
7804.108839182196,2.179382751125999985
7805.763135751952,3.53054929344
7810.138361946855,3.946527541861000175
7831.731749219461,1.677102716212000015
7839.464439512767,1.408878052086000025
7845.848867585747,3.305615609651999507
7852.324586120752,2.154634963538000206
7858.228102212156,3.465271782981999655
7860.560836911636,2.244449671152000103
7862.959449783744,1.750833289380999683
7890.925396834462,2.13423658531899995
7893.905265667337,1.568248778764000032
7897.452704033328,4.876061806895998865
7897.760978420978,3.441063556727999445
7922.571484908313,2.3249392560909996
7924.714471422678,3.233176848258000095
7937.569076788681,2.76187449299099973
7940.970830269033,2.203525944493999402
7942.343400936235,3.18595676498099943
7944.624119905018,1.55365857024699982
7947.270890111299,1.569586193848000016
7958.420608949093,2.028798043265999765
7966.201031524381,4.78873341024699959
7969.168012095136,2.543154371602999387
7988.364579768481,1.822069258956999776
8002.158761134231,3.17896592109899955
8008.623839236432,6.652287002666000125
8009.446749595156,5.311517935797999325
8014.191700665649,8.235165791131997505
8015.093730294031,7.54453744495899944
8016.627490051077,7.6301363633289991
8049.056914465945,2.120477682343000038
8054.16375485546,2.135244354141999415
8068.077455403167,4.503090329947999827
8074.140395223113,3.890662929688999382
8081.617680670903,5.031730881144
8082.784979837632,5.92791682388899941
8085.270548157283,2.340734323262999782
8086.21997523844,1.282737531530000025
8090.398615934887,2.268497091976000127
8093.089983977989,1.357631958408000101
8119.908101615511,1.279793966524999766
8123.946645881666,1.950823549013999781
8136.556528953998,1.654733601505999902
8140.869132707982,2.783592411284999447
8169.144974408553,5.8686236705250003
8169.333851277024,2.36397893950100001
8178.067766454691,2.824493102463999415
8183.396213688693,2.67138138791099954
8186.523306844039,4.0793619723989991
8187.535842448372,4.80602810609199869
8189.221681248568,6.0059875176579993
8194.533975418459,3.640555687263999462
8196.440282534126,1.967566506104999827
8198.756698204995,2.380269421885000002
8199.467077345664,2.88764860169399994
8202.552241709764,2.056278297277000168
8204.307041115137,2.931727418266000015
8206.205790910136,3.830063106836999665
8208.352587797844,4.073903946314999287
8230.104021423535,1.43014693785299984
8239.062711765632,2.441772137676999842
8247.745565411519,2.85630734714999955
8250.301281424886,1.232457695909999981
8252.738829343447,2.976129258937000077
8257.351059936739,1.819866311163000008
8261.754120365803,2.186079102443999378
8271.339041205593,1.815171877765000102
8272.503595487472,2.91879497795299957
8281.213549964719,2.273947255497000151
8283.531390937953,4.406983620366998962
8286.641048910819,1.720154844680999765
8287.897479825638,1.358359622022999862
8297.59275865954,2.724553455131999855
8304.680393125716,1.921948204245000001
8319.852673880034,2.038170434442999825
8331.035770979135,2.858277895053999972
8333.927625635092,2.082561034273999737
8363.608797204457,2.434025080307999455
8365.130530677457,2.567788202541000145
8366.795750322145,2.05878941591500019
8377.419726046492,2.378950309517000137
8388.589248608774,1.776686358715999775
8408.829326836676,2.542330682360999447
8414.766249524072,2.097722378260999491
8418.674979905221,2.424865444711000065
8426.10368021944,2.279180325512999862
8438.462453414138,2.042033687533999488
8447.580937310513,1.274599734673000025
8449.378221630458,2.894404586762999705
8456.483414697347,2.607436657122999425
8459.931264350913,3.458300685901999557
8460.354737693204,2.889864643251999415
8463.079674577228,1.175892980711999766
8482.472356677457,3.750899093574999707
8485.174633542148,2.760545455021
8493.860361319373,2.175378851372999902
8496.65720692338,2.270530432080000151
8507.136703203309,2.554826842810999907
8517.887899801272,5.00563362485599936
8518.153813106381,5.044764144482000365
8523.677593442979,3.228397281158000165
8525.573613596169,3.458995623778999815
8532.736026444408,1.722717989868999921
8534.381508300411,2.53824920633999972
8538.736035376684,1.730577013498999941
8540.44362739891,1.809198978986999766
8548.913773139457,2.692423141132000087
8565.885340820134,2.169792137413999445
8575.188783308523,1.759171707389999721
8583.957813489086,2.150845274016999643
8591.20285649801,1.013915470094000067
8595.346072291366,1.920552075587999666
8608.026543697672,5.21938653408699868
8611.763822691947,1.881314957068999751
8617.324154127367,1.420262282051999663
8622.720358614059,1.140713987036999992
8628.342017628552,2.41215596349399951
8661.960723244352,4.70605428331099949
8663.982280241752,2.179193784810999891
8699.116093966523,1.491842800022999952
8703.164449091684,1.340682286783999805
8709.004578461191,3.552235113408999987
8711.698613484077,1.332854234543999976
8721.360231552034,1.754736918522000082
8722.547240631051,1.319582928838999962
8727.773113301171,3.180029132502999887
8732.435198454595,3.482301237976999515
8733.444085352383,3.761586571276999337
8744.182416304175,5.704698511263000395
8746.181656796142,1.506775156333999713
8755.265342617663,2.90792093800799999
8762.180770097851,2.968076333916999752
8764.734650392103,2.822008837279000195
8780.728995343371,2.055430883760999796
8781.776656712577,2.40531311519900014
8805.067550226112,2.55412046824899973
8808.620442167099,1.820176980440999952
8810.73584600317,3.20702468054200017
8816.29029347691,1.868538498781000082
8831.808487744664,1.375381468338999985
8833.233070616596,2.785970084118999585
8846.582071559882,1.03781337238500004
8851.00628557037,2.079692080027999871
8863.108425333258,2.497496811766000127
8870.976468183402,2.198146006441000102
8881.982869408241,2.221229041276999707
8914.136991528589,2.567241053466999815
8920.262450209057,4.542449317999999162
8920.496034016068,4.372907162670999862
8936.196005640135,5.0378053178479991
8936.603059027481,2.644395721237999362
8940.285891706834,2.885124305007999532
8940.381017859761,1.986237428297999753
8945.001669998854,6.490793446824000035
8951.404068775931,1.786699624355999818
8962.624602069291,1.993358977170999847
8963.54123500225,2.79220760292399993
8965.344046566244,4.536472205571000045
8975.719642097018,2.36032831633099959
8976.186718642927,2.338603824779999827
8979.097472223551,2.263080470359000166
8981.80044526036,1.101583607757000035
8985.262470598163,2.370224252143999335
8990.3463043499,1.148849008077999829
9006.501791364048,4.62621718319699935
9025.058381660789,1.478485110522000038
9031.324824069086,5.60114326116299919
9035.646265046661,4.239871272581998677
9048.401142930896,2.490243105328000072
9075.345111268913,2.459263122597000072
9080.357074895999,1.309060824897999792
9084.71628024862,2.33331814235199973
9104.994134678895,2.347850336505000065
9109.312702000604,6.633248585735000065
9117.258305542502,2.55439162962999954
9135.626647188855,3.185048155886000195
9141.443177946789,1.724154649728999895
9146.192701617425,2.469241201174999557
9148.323044857142,1.899245981384999995
9152.787000733361,2.109151024562999402
9163.791140720688,3.604037405545000165
9194.480245628327,2.928271115558000112
9216.900070239587,1.72415611462600004
9222.004039577987,1.119242274823999844
9228.976069044247,2.29335550676299959
9232.032356790999,2.153566024779999915
9234.736855286803,4.038040554256999912
9236.038906291351,4.70227887110199914
9240.250234237575,2.292641004526999806
9248.332717371787,3.600745466331999525
9252.542664362445,4.04914225298199957
9256.971657401738,1.394149949946999805
9259.979175980267,1.582420458702999962
9265.268795696092,2.289534109894999495
9266.919599552166,2.561091770268999912
9271.763408051467,3.128372488600999355
9273.253390385825,3.412137301109999562
9276.250286727091,2.308992546983999347
9281.24823460842,2.500205393125999532
9282.326794600766,1.103561915862999669
9293.212225194886,4.277989989946998842
9312.087326707816,3.259304623889000205
9312.340525402246,1.836964171237999812
9313.700076442147,2.592506434474000077
9319.824347493906,2.69539113868699952
9327.457696493194,1.577780840107999787
9345.507234465104,2.430304759736999985
9380.392811497598,4.53116513838399902
9381.17717675552,4.848509746737999365
9402.250746007521,1.719036911272999726
9411.174771643593,2.109030613693000147
9413.414162578218,2.31535309970299962
9435.5988059817,3.78251142398899985
9440.135948110797,1.934367318428999995
9441.641970918783,3.43308389506900012
9501.406913310684,1.771033378670999962
9504.485761838706,1.85384676682499982
9523.328942904747,2.682631007103999815
9530.371849769759,3.835250891512999677
9531.628136957018,1.440577817224999885
9536.023333363681,4.327128874492998975
9538.184537021189,6.016588663823998905
9546.489932096594,2.219177868601000183
9547.273030795653,1.83471166386700001
9549.405936747539,3.414767970075999402
9550.460010376007,3.560433447021999582
9559.468866210123,2.078772442547999858
9571.172339666072,3.778799322425999905
9571.966823357161,1.703684257368999858
9575.379312851848,2.986081057707999687
9578.129700332618,2.560973850488999827
9585.027515991137,2.52249482402199997
9586.261881975268,1.69295848487900002
9590.754562014934,3.609409630658999987
9591.845127434064,4.262235728429999412
9597.306959961359,1.280979201230000082
9603.813382570948,1.682149098490999687
9606.790234207088,1.978450499380000053
9622.93960806321,4.023906226173998827
9631.236936768269,1.652177239770999945
9646.178355911978,2.605386931152999345
9672.576547807527,2.576074661292000012
9675.539331097171,3.552405695277999857
9676.720191703806,3.121492889567999627
9677.221676709092,2.424793035668999495
9680.984269277563,5.807932321098999015
9682.198157608431,4.410794122690999665
9691.181939281761,1.322187664317999716
9693.101144608842,3.212693985036000107
9695.557226161376,5.0256024163820001
9701.258079569469,1.664139241103999902
9712.979817763597,1.727170452620999877
9721.262014995062,1.30860010738099985
9729.574336207228,1.434226867648999976
9733.882526478374,1.926964465603000043
9735.826239712897,2.431105917240000012
9744.831120716329,3.08361780250199934
9746.411776289923,3.281518486342999795
9747.184588526679,3.14153182787899964
9750.097510872736,3.801062445370999562
9751.556182125663,4.984003394855999845
9752.514423952906,5.72265855570499935
9754.40556266503,1.905873538533999757
9759.17734992665,2.76847795338500012
9766.312658038551,1.716027396369999896
9794.223764111019,4.81828811579999969
9794.365087932688,4.74074425130799957
9795.950104460428,1.893037908869999777
9804.18814182737,2.317587074589999562
9805.395170513768,1.22191856578300006
9813.647838337539,2.07144562928599995
9815.28717983808,1.427461364325999675
9819.24997955374,1.429427125624999732
9839.277604076008,1.696637365202999785
9842.176401677022,1.522520075454999671
9865.086547503098,4.73949581152399977
9867.107642054416,5.56638596570599905
9868.194234065916,4.682085657086998845
9877.677008109979,5.04198180074199873
9877.937191546623,1.683447932415000007
9880.099101905027,2.39719448672000012
9882.033000337267,1.971027228465999751
9894.104247128845,3.231133774168999815
9902.643552136739,2.69250284620899992
9904.561864969288,2.708990984435000182
9905.422932719272,1.785210383484999931
9923.242368877064,2.963445168345999455
9926.183235909943,4.90057526894099913
9931.347645444719,6.27168063127600026
9932.034280796759,2.977080813464000095
9947.780139733055,3.86870564308199947
9947.876927329502,3.850569976046999782
9959.007505845717,2.542834408307999882
9970.919889215842,1.694117692567999706
9973.482888145139,2.60928451883
9975.078541849823,1.614651796162999801
9980.258364610393,2.298228619839999696
9981.108619946605,2.029780697830999783
9982.67149948704,2.90796404572599963
9991.294270778412,3.532727577269000095
