"config name","q1 length: mean","q1 length: var","q1 length: int l","q1 length: int r","q2 length: mean","q2 length: var","q2 length: int l","q2 length: int r","q3 length: mean","q3 length: var","q3 length: int l","q3 length: int r","lifetime: mean","lifetime: var ","lifetime: int l","lifetime: int r"
"General-0,2.5-#0","19.4417","170.345","8.5303","30.3531","2174.4475","1273174.1324","1231.1231","3117.7719","0.5047","0","0.5047","0.5047","5385.2688","7683046.3265","3067.9602","7702.5774"
"General-0,2.5-#1","19.4417","170.345","8.5303","30.3531","2174.4475","1273174.1324","1231.1231","3117.7719","0.5047","0","0.5047","0.5047","5385.2688","7683046.3265","3067.9602","7702.5774"
"General-0,2.5-#2","19.4417","170.345","8.5303","30.3531","2174.4475","1273174.1324","1231.1231","3117.7719","0.5047","0","0.5047","0.5047","5385.2688","7683046.3265","3067.9602","7702.5774"
"General-0,2.5-#3","19.4417","170.345","8.5303","30.3531","2174.4475","1273174.1324","1231.1231","3117.7719","0.5047","0","0.5047","0.5047","5385.2688","7683046.3265","3067.9602","7702.5774"
"General-0,2.5-#4","19.4417","170.345","8.5303","30.3531","2174.4475","1273174.1324","1231.1231","3117.7719","0.5047","0","0.5047","0.5047","5385.2688","7683046.3265","3067.9602","7702.5774"
"General-0,2.5-#5","19.4417","170.345","8.5303","30.3531","2174.4475","1273174.1324","1231.1231","3117.7719","0.5047","0","0.5047","0.5047","5385.2688","7683046.3265","3067.9602","7702.5774"
"General-0,2.5-#6","19.4417","170.345","8.5303","30.3531","2174.4475","1273174.1324","1231.1231","3117.7719","0.5047","0","0.5047","0.5047","5385.2688","7683046.3265","3067.9602","7702.5774"
"General-0,2.5-#7","19.4417","170.345","8.5303","30.3531","2174.4475","1273174.1324","1231.1231","3117.7719","0.5047","0","0.5047","0.5047","5385.2688","7683046.3265","3067.9602","7702.5774"
"General-0,2.5-#8","19.4417","170.345","8.5303","30.3531","2174.4475","1273174.1324","1231.1231","3117.7719","0.5047","0","0.5047","0.5047","5385.2688","7683046.3265","3067.9602","7702.5774"
"General-0,2.5-#9","19.4417","170.345","8.5303","30.3531","2174.4475","1273174.1324","1231.1231","3117.7719","0.5047","0","0.5047","0.5047","5385.2688","7683046.3265","3067.9602","7702.5774"
"General-0,5-#0","1.2091","0.005","1.15","1.2682","1.8361","0.0324","1.6856","1.9866","0.5065","1e-04","0.4981","0.5149","12.5164","0.409","11.9817","13.0511"
"General-0,5-#1","1.2091","0.005","1.15","1.2682","1.8361","0.0324","1.6856","1.9866","0.5065","1e-04","0.4981","0.5149","12.5164","0.409","11.9817","13.0511"
"General-0,5-#2","1.2091","0.005","1.15","1.2682","1.8361","0.0324","1.6856","1.9866","0.5065","1e-04","0.4981","0.5149","12.5164","0.409","11.9817","13.0511"
"General-0,5-#3","1.2091","0.005","1.15","1.2682","1.8361","0.0324","1.6856","1.9866","0.5065","1e-04","0.4981","0.5149","12.5164","0.409","11.9817","13.0511"
"General-0,5-#4","1.2091","0.005","1.15","1.2682","1.8361","0.0324","1.6856","1.9866","0.5065","1e-04","0.4981","0.5149","12.5164","0.409","11.9817","13.0511"
"General-0,5-#5","1.2091","0.005","1.15","1.2682","1.8361","0.0324","1.6856","1.9866","0.5065","1e-04","0.4981","0.5149","12.5164","0.409","11.9817","13.0511"
"General-0,5-#6","1.2091","0.005","1.15","1.2682","1.8361","0.0324","1.6856","1.9866","0.5065","1e-04","0.4981","0.5149","12.5164","0.409","11.9817","13.0511"
"General-0,5-#7","1.2091","0.005","1.15","1.2682","1.8361","0.0324","1.6856","1.9866","0.5065","1e-04","0.4981","0.5149","12.5164","0.409","11.9817","13.0511"
"General-0,5-#8","1.2091","0.005","1.15","1.2682","1.8361","0.0324","1.6856","1.9866","0.5065","1e-04","0.4981","0.5149","12.5164","0.409","11.9817","13.0511"
"General-0,5-#9","1.2091","0.005","1.15","1.2682","1.8361","0.0324","1.6856","1.9866","0.5065","1e-04","0.4981","0.5149","12.5164","0.409","11.9817","13.0511"
"General-0,10-#0","0.8278","8e-04","0.8042","0.8514","0.9469","0.0018","0.9114","0.9824","0.5061","3e-04","0.4916","0.5206","9.4735","0.0286","9.3321","9.6149"
"General-0,10-#1","0.8278","8e-04","0.8042","0.8514","0.9469","0.0018","0.9114","0.9824","0.5061","3e-04","0.4916","0.5206","9.4735","0.0286","9.3321","9.6149"
"General-0,10-#2","0.8278","8e-04","0.8042","0.8514","0.9469","0.0018","0.9114","0.9824","0.5061","3e-04","0.4916","0.5206","9.4735","0.0286","9.3321","9.6149"
"General-0,10-#3","0.8278","8e-04","0.8042","0.8514","0.9469","0.0018","0.9114","0.9824","0.5061","3e-04","0.4916","0.5206","9.4735","0.0286","9.3321","9.6149"
"General-0,10-#4","0.8278","8e-04","0.8042","0.8514","0.9469","0.0018","0.9114","0.9824","0.5061","3e-04","0.4916","0.5206","9.4735","0.0286","9.3321","9.6149"
"General-0,10-#5","0.8278","8e-04","0.8042","0.8514","0.9469","0.0018","0.9114","0.9824","0.5061","3e-04","0.4916","0.5206","9.4735","0.0286","9.3321","9.6149"
"General-0,10-#6","0.8278","8e-04","0.8042","0.8514","0.9469","0.0018","0.9114","0.9824","0.5061","3e-04","0.4916","0.5206","9.4735","0.0286","9.3321","9.6149"
"General-0,10-#7","0.8278","8e-04","0.8042","0.8514","0.9469","0.0018","0.9114","0.9824","0.5061","3e-04","0.4916","0.5206","9.4735","0.0286","9.3321","9.6149"
"General-0,10-#8","0.8278","8e-04","0.8042","0.8514","0.9469","0.0018","0.9114","0.9824","0.5061","3e-04","0.4916","0.5206","9.4735","0.0286","9.3321","9.6149"
"General-0,10-#9","0.8278","8e-04","0.8042","0.8514","0.9469","0.0018","0.9114","0.9824","0.5061","3e-04","0.4916","0.5206","9.4735","0.0286","9.3321","9.6149"
"General-11,2.5-#0","0.9806","6e-04","0.9601","1.0011","1.027","4e-04","1.0103","1.0437","1.0423","0.0029","0.9973","1.0873","3.9969","0.0047","3.9396","4.0542"
"General-11,2.5-#1","0.9806","6e-04","0.9601","1.0011","1.027","4e-04","1.0103","1.0437","1.0423","0.0029","0.9973","1.0873","3.9969","0.0047","3.9396","4.0542"
"General-11,2.5-#2","0.9806","6e-04","0.9601","1.0011","1.027","4e-04","1.0103","1.0437","1.0423","0.0029","0.9973","1.0873","3.9969","0.0047","3.9396","4.0542"
"General-11,2.5-#3","0.9806","6e-04","0.9601","1.0011","1.027","4e-04","1.0103","1.0437","1.0423","0.0029","0.9973","1.0873","3.9969","0.0047","3.9396","4.0542"
"General-11,2.5-#4","0.9806","6e-04","0.9601","1.0011","1.027","4e-04","1.0103","1.0437","1.0423","0.0029","0.9973","1.0873","3.9969","0.0047","3.9396","4.0542"
"General-11,2.5-#5","0.9806","6e-04","0.9601","1.0011","1.027","4e-04","1.0103","1.0437","1.0423","0.0029","0.9973","1.0873","3.9969","0.0047","3.9396","4.0542"
"General-11,2.5-#6","0.9806","6e-04","0.9601","1.0011","1.027","4e-04","1.0103","1.0437","1.0423","0.0029","0.9973","1.0873","3.9969","0.0047","3.9396","4.0542"
"General-11,2.5-#7","0.9806","6e-04","0.9601","1.0011","1.027","4e-04","1.0103","1.0437","1.0423","0.0029","0.9973","1.0873","3.9969","0.0047","3.9396","4.0542"
"General-11,2.5-#8","0.9806","6e-04","0.9601","1.0011","1.027","4e-04","1.0103","1.0437","1.0423","0.0029","0.9973","1.0873","3.9969","0.0047","3.9396","4.0542"
"General-11,2.5-#9","0.9806","6e-04","0.9601","1.0011","1.027","4e-04","1.0103","1.0437","1.0423","0.0029","0.9973","1.0873","3.9969","0.0047","3.9396","4.0542"
"General-11,5-#0","0.751","3e-04","0.7365","0.7655","0.7648","4e-04","0.7481","0.7815","0.7594","0.0022","0.7202","0.7986","3.8025","0.0033","3.7545","3.8505"
"General-11,5-#1","0.751","3e-04","0.7365","0.7655","0.7648","4e-04","0.7481","0.7815","0.7594","0.0022","0.7202","0.7986","3.8025","0.0033","3.7545","3.8505"
"General-11,5-#2","0.751","3e-04","0.7365","0.7655","0.7648","4e-04","0.7481","0.7815","0.7594","0.0022","0.7202","0.7986","3.8025","0.0033","3.7545","3.8505"
"General-11,5-#3","0.751","3e-04","0.7365","0.7655","0.7648","4e-04","0.7481","0.7815","0.7594","0.0022","0.7202","0.7986","3.8025","0.0033","3.7545","3.8505"
"General-11,5-#4","0.751","3e-04","0.7365","0.7655","0.7648","4e-04","0.7481","0.7815","0.7594","0.0022","0.7202","0.7986","3.8025","0.0033","3.7545","3.8505"
"General-11,5-#5","0.751","3e-04","0.7365","0.7655","0.7648","4e-04","0.7481","0.7815","0.7594","0.0022","0.7202","0.7986","3.8025","0.0033","3.7545","3.8505"
"General-11,5-#6","0.751","3e-04","0.7365","0.7655","0.7648","4e-04","0.7481","0.7815","0.7594","0.0022","0.7202","0.7986","3.8025","0.0033","3.7545","3.8505"
"General-11,5-#7","0.751","3e-04","0.7365","0.7655","0.7648","4e-04","0.7481","0.7815","0.7594","0.0022","0.7202","0.7986","3.8025","0.0033","3.7545","3.8505"
"General-11,5-#8","0.751","3e-04","0.7365","0.7655","0.7648","4e-04","0.7481","0.7815","0.7594","0.0022","0.7202","0.7986","3.8025","0.0033","3.7545","3.8505"
"General-11,5-#9","0.751","3e-04","0.7365","0.7655","0.7648","4e-04","0.7481","0.7815","0.7594","0.0022","0.7202","0.7986","3.8025","0.0033","3.7545","3.8505"
"General-11,10-#0","0.6268","7e-04","0.6047","0.6489","0.6352","0.001","0.6088","0.6616","0.6333","0.0066","0.5654","0.7012","3.6547","0.0014","3.6234","3.686"
"General-11,10-#1","0.6268","7e-04","0.6047","0.6489","0.6352","0.001","0.6088","0.6616","0.6333","0.0066","0.5654","0.7012","3.6547","0.0014","3.6234","3.686"
"General-11,10-#2","0.6268","7e-04","0.6047","0.6489","0.6352","0.001","0.6088","0.6616","0.6333","0.0066","0.5654","0.7012","3.6547","0.0014","3.6234","3.686"
"General-11,10-#3","0.6268","7e-04","0.6047","0.6489","0.6352","0.001","0.6088","0.6616","0.6333","0.0066","0.5654","0.7012","3.6547","0.0014","3.6234","3.686"
"General-11,10-#4","0.6268","7e-04","0.6047","0.6489","0.6352","0.001","0.6088","0.6616","0.6333","0.0066","0.5654","0.7012","3.6547","0.0014","3.6234","3.686"
"General-11,10-#5","0.6268","7e-04","0.6047","0.6489","0.6352","0.001","0.6088","0.6616","0.6333","0.0066","0.5654","0.7012","3.6547","0.0014","3.6234","3.686"
"General-11,10-#6","0.6268","7e-04","0.6047","0.6489","0.6352","0.001","0.6088","0.6616","0.6333","0.0066","0.5654","0.7012","3.6547","0.0014","3.6234","3.686"
"General-11,10-#7","0.6268","7e-04","0.6047","0.6489","0.6352","0.001","0.6088","0.6616","0.6333","0.0066","0.5654","0.7012","3.6547","0.0014","3.6234","3.686"
"General-11,10-#8","0.6268","7e-04","0.6047","0.6489","0.6352","0.001","0.6088","0.6616","0.6333","0.0066","0.5654","0.7012","3.6547","0.0014","3.6234","3.686"
"General-11,10-#9","0.6268","7e-04","0.6047","0.6489","0.6352","0.001","0.6088","0.6616","0.6333","0.0066","0.5654","0.7012","3.6547","0.0014","3.6234","3.686"
"General-17,2.5-#0","1.3424","9e-04","1.3173","1.3675","6.0066","3.7132","4.3956","7.6176","0.5457","1e-04","0.5373","0.5541","17.8249","18.3381","14.2448","21.405"
"General-17,2.5-#1","1.3424","9e-04","1.3173","1.3675","6.0066","3.7132","4.3956","7.6176","0.5457","1e-04","0.5373","0.5541","17.8249","18.3381","14.2448","21.405"
"General-17,2.5-#2","1.3424","9e-04","1.3173","1.3675","6.0066","3.7132","4.3956","7.6176","0.5457","1e-04","0.5373","0.5541","17.8249","18.3381","14.2448","21.405"
"General-17,2.5-#3","1.3424","9e-04","1.3173","1.3675","6.0066","3.7132","4.3956","7.6176","0.5457","1e-04","0.5373","0.5541","17.8249","18.3381","14.2448","21.405"
"General-17,2.5-#4","1.3424","9e-04","1.3173","1.3675","6.0066","3.7132","4.3956","7.6176","0.5457","1e-04","0.5373","0.5541","17.8249","18.3381","14.2448","21.405"
"General-17,2.5-#5","1.3424","9e-04","1.3173","1.3675","6.0066","3.7132","4.3956","7.6176","0.5457","1e-04","0.5373","0.5541","17.8249","18.3381","14.2448","21.405"
"General-17,2.5-#6","1.3424","9e-04","1.3173","1.3675","6.0066","3.7132","4.3956","7.6176","0.5457","1e-04","0.5373","0.5541","17.8249","18.3381","14.2448","21.405"
"General-17,2.5-#7","1.3424","9e-04","1.3173","1.3675","6.0066","3.7132","4.3956","7.6176","0.5457","1e-04","0.5373","0.5541","17.8249","18.3381","14.2448","21.405"
"General-17,2.5-#8","1.3424","9e-04","1.3173","1.3675","6.0066","3.7132","4.3956","7.6176","0.5457","1e-04","0.5373","0.5541","17.8249","18.3381","14.2448","21.405"
"General-17,2.5-#9","1.3424","9e-04","1.3173","1.3675","6.0066","3.7132","4.3956","7.6176","0.5457","1e-04","0.5373","0.5541","17.8249","18.3381","14.2448","21.405"
"General-17,5-#0","0.9164","7e-04","0.8943","0.9385","1.1137","0.0019","1.0773","1.1501","0.5201","1e-04","0.5117","0.5285","7.2365","0.0105","7.1508","7.3222"
"General-17,5-#1","0.9164","7e-04","0.8943","0.9385","1.1137","0.0019","1.0773","1.1501","0.5201","1e-04","0.5117","0.5285","7.2365","0.0105","7.1508","7.3222"
"General-17,5-#2","0.9164","7e-04","0.8943","0.9385","1.1137","0.0019","1.0773","1.1501","0.5201","1e-04","0.5117","0.5285","7.2365","0.0105","7.1508","7.3222"
"General-17,5-#3","0.9164","7e-04","0.8943","0.9385","1.1137","0.0019","1.0773","1.1501","0.5201","1e-04","0.5117","0.5285","7.2365","0.0105","7.1508","7.3222"
"General-17,5-#4","0.9164","7e-04","0.8943","0.9385","1.1137","0.0019","1.0773","1.1501","0.5201","1e-04","0.5117","0.5285","7.2365","0.0105","7.1508","7.3222"
"General-17,5-#5","0.9164","7e-04","0.8943","0.9385","1.1137","0.0019","1.0773","1.1501","0.5201","1e-04","0.5117","0.5285","7.2365","0.0105","7.1508","7.3222"
"General-17,5-#6","0.9164","7e-04","0.8943","0.9385","1.1137","0.0019","1.0773","1.1501","0.5201","1e-04","0.5117","0.5285","7.2365","0.0105","7.1508","7.3222"
"General-17,5-#7","0.9164","7e-04","0.8943","0.9385","1.1137","0.0019","1.0773","1.1501","0.5201","1e-04","0.5117","0.5285","7.2365","0.0105","7.1508","7.3222"
"General-17,5-#8","0.9164","7e-04","0.8943","0.9385","1.1137","0.0019","1.0773","1.1501","0.5201","1e-04","0.5117","0.5285","7.2365","0.0105","7.1508","7.3222"
"General-17,5-#9","0.9164","7e-04","0.8943","0.9385","1.1137","0.0019","1.0773","1.1501","0.5201","1e-04","0.5117","0.5285","7.2365","0.0105","7.1508","7.3222"
"General-17,10-#0","0.7218","0.0011","0.6941","0.7495","0.7586","0.0018","0.7231","0.7941","0.5121","1e-04","0.5037","0.5205","6.7017","0.0055","6.6397","6.7637"
"General-17,10-#1","0.7218","0.0011","0.6941","0.7495","0.7586","0.0018","0.7231","0.7941","0.5121","1e-04","0.5037","0.5205","6.7017","0.0055","6.6397","6.7637"
"General-17,10-#2","0.7218","0.0011","0.6941","0.7495","0.7586","0.0018","0.7231","0.7941","0.5121","1e-04","0.5037","0.5205","6.7017","0.0055","6.6397","6.7637"
"General-17,10-#3","0.7218","0.0011","0.6941","0.7495","0.7586","0.0018","0.7231","0.7941","0.5121","1e-04","0.5037","0.5205","6.7017","0.0055","6.6397","6.7637"
"General-17,10-#4","0.7218","0.0011","0.6941","0.7495","0.7586","0.0018","0.7231","0.7941","0.5121","1e-04","0.5037","0.5205","6.7017","0.0055","6.6397","6.7637"
"General-17,10-#5","0.7218","0.0011","0.6941","0.7495","0.7586","0.0018","0.7231","0.7941","0.5121","1e-04","0.5037","0.5205","6.7017","0.0055","6.6397","6.7637"
"General-17,10-#6","0.7218","0.0011","0.6941","0.7495","0.7586","0.0018","0.7231","0.7941","0.5121","1e-04","0.5037","0.5205","6.7017","0.0055","6.6397","6.7637"
"General-17,10-#7","0.7218","0.0011","0.6941","0.7495","0.7586","0.0018","0.7231","0.7941","0.5121","1e-04","0.5037","0.5205","6.7017","0.0055","6.6397","6.7637"
"General-17,10-#8","0.7218","0.0011","0.6941","0.7495","0.7586","0.0018","0.7231","0.7941","0.5121","1e-04","0.5037","0.5205","6.7017","0.0055","6.6397","6.7637"
"General-17,10-#9","0.7218","0.0011","0.6941","0.7495","0.7586","0.0018","0.7231","0.7941","0.5121","1e-04","0.5037","0.5205","6.7017","0.0055","6.6397","6.7637"
"General-41,2.5-#0","1366.7511","469868.1629","793.6844","1939.8178","0.5","0","0.5","0.5","0.5345","0.002","0.4971","0.5719","3365.3026","2817749.4384","1961.9451","4768.6601"
"General-41,2.5-#1","1366.7511","469868.1629","793.6844","1939.8178","0.5","0","0.5","0.5","0.5345","0.002","0.4971","0.5719","3365.3026","2817749.4384","1961.9451","4768.6601"
"General-41,2.5-#2","1366.7511","469868.1629","793.6844","1939.8178","0.5","0","0.5","0.5","0.5345","0.002","0.4971","0.5719","3365.3026","2817749.4384","1961.9451","4768.6601"
"General-41,2.5-#3","1366.7511","469868.1629","793.6844","1939.8178","0.5","0","0.5","0.5","0.5345","0.002","0.4971","0.5719","3365.3026","2817749.4384","1961.9451","4768.6601"
"General-41,2.5-#4","1366.7511","469868.1629","793.6844","1939.8178","0.5","0","0.5","0.5","0.5345","0.002","0.4971","0.5719","3365.3026","2817749.4384","1961.9451","4768.6601"
"General-41,2.5-#5","1366.7511","469868.1629","793.6844","1939.8178","0.5","0","0.5","0.5","0.5345","0.002","0.4971","0.5719","3365.3026","2817749.4384","1961.9451","4768.6601"
"General-41,2.5-#6","1366.7511","469868.1629","793.6844","1939.8178","0.5","0","0.5","0.5","0.5345","0.002","0.4971","0.5719","3365.3026","2817749.4384","1961.9451","4768.6601"
"General-41,2.5-#7","1366.7511","469868.1629","793.6844","1939.8178","0.5","0","0.5","0.5","0.5345","0.002","0.4971","0.5719","3365.3026","2817749.4384","1961.9451","4768.6601"
"General-41,2.5-#8","1366.7511","469868.1629","793.6844","1939.8178","0.5","0","0.5","0.5","0.5345","0.002","0.4971","0.5719","3365.3026","2817749.4384","1961.9451","4768.6601"
"General-41,2.5-#9","1366.7511","469868.1629","793.6844","1939.8178","0.5","0","0.5","0.5","0.5345","0.002","0.4971","0.5719","3365.3026","2817749.4384","1961.9451","4768.6601"
"General-41,5-#0","1.2297","0.053","1.0372","1.4222","0.5","0","0.5","0.5","0.5435","0.0016","0.5101","0.5769","6.7793","0.5094","6.1826","7.376"
"General-41,5-#1","1.2297","0.053","1.0372","1.4222","0.5","0","0.5","0.5","0.5435","0.0016","0.5101","0.5769","6.7793","0.5094","6.1826","7.376"
"General-41,5-#2","1.2297","0.053","1.0372","1.4222","0.5","0","0.5","0.5","0.5435","0.0016","0.5101","0.5769","6.7793","0.5094","6.1826","7.376"
"General-41,5-#3","1.2297","0.053","1.0372","1.4222","0.5","0","0.5","0.5","0.5435","0.0016","0.5101","0.5769","6.7793","0.5094","6.1826","7.376"
"General-41,5-#4","1.2297","0.053","1.0372","1.4222","0.5","0","0.5","0.5","0.5435","0.0016","0.5101","0.5769","6.7793","0.5094","6.1826","7.376"
"General-41,5-#5","1.2297","0.053","1.0372","1.4222","0.5","0","0.5","0.5","0.5435","0.0016","0.5101","0.5769","6.7793","0.5094","6.1826","7.376"
"General-41,5-#6","1.2297","0.053","1.0372","1.4222","0.5","0","0.5","0.5","0.5435","0.0016","0.5101","0.5769","6.7793","0.5094","6.1826","7.376"
"General-41,5-#7","1.2297","0.053","1.0372","1.4222","0.5","0","0.5","0.5","0.5435","0.0016","0.5101","0.5769","6.7793","0.5094","6.1826","7.376"
"General-41,5-#8","1.2297","0.053","1.0372","1.4222","0.5","0","0.5","0.5","0.5435","0.0016","0.5101","0.5769","6.7793","0.5094","6.1826","7.376"
"General-41,5-#9","1.2297","0.053","1.0372","1.4222","0.5","0","0.5","0.5","0.5435","0.0016","0.5101","0.5769","6.7793","0.5094","6.1826","7.376"
"General-41,10-#0","0.7011","0.0029","0.6561","0.7461","0.5","0","0.5","0.5","0.5","0.0114","0.4107","0.5893","5.0397","0.056","4.8419","5.2375"
"General-41,10-#1","0.7011","0.0029","0.6561","0.7461","0.5","0","0.5","0.5","0.5","0.0114","0.4107","0.5893","5.0397","0.056","4.8419","5.2375"
"General-41,10-#2","0.7011","0.0029","0.6561","0.7461","0.5","0","0.5","0.5","0.5","0.0114","0.4107","0.5893","5.0397","0.056","4.8419","5.2375"
"General-41,10-#3","0.7011","0.0029","0.6561","0.7461","0.5","0","0.5","0.5","0.5","0.0114","0.4107","0.5893","5.0397","0.056","4.8419","5.2375"
"General-41,10-#4","0.7011","0.0029","0.6561","0.7461","0.5","0","0.5","0.5","0.5","0.0114","0.4107","0.5893","5.0397","0.056","4.8419","5.2375"
"General-41,10-#5","0.7011","0.0029","0.6561","0.7461","0.5","0","0.5","0.5","0.5","0.0114","0.4107","0.5893","5.0397","0.056","4.8419","5.2375"
"General-41,10-#6","0.7011","0.0029","0.6561","0.7461","0.5","0","0.5","0.5","0.5","0.0114","0.4107","0.5893","5.0397","0.056","4.8419","5.2375"
"General-41,10-#7","0.7011","0.0029","0.6561","0.7461","0.5","0","0.5","0.5","0.5","0.0114","0.4107","0.5893","5.0397","0.056","4.8419","5.2375"
"General-41,10-#8","0.7011","0.0029","0.6561","0.7461","0.5","0","0.5","0.5","0.5","0.0114","0.4107","0.5893","5.0397","0.056","4.8419","5.2375"
"General-41,10-#9","0.7011","0.0029","0.6561","0.7461","0.5","0","0.5","0.5","0.5","0.0114","0.4107","0.5893","5.0397","0.056","4.8419","5.2375"
"General-42,2.5-#0","5537.7067","7416074.8133","3261.0151","7814.3983","0.5","0","0.5","0.5","0","0","0","0","13659.1845","44675098.7801","8071.268","19247.101"
"General-42,2.5-#1","5537.7067","7416074.8133","3261.0151","7814.3983","0.5","0","0.5","0.5","0","0","0","0","13659.1845","44675098.7801","8071.268","19247.101"
"General-42,2.5-#2","5537.7067","7416074.8133","3261.0151","7814.3983","0.5","0","0.5","0.5","0","0","0","0","13659.1845","44675098.7801","8071.268","19247.101"
"General-42,2.5-#3","5537.7067","7416074.8133","3261.0151","7814.3983","0.5","0","0.5","0.5","0","0","0","0","13659.1845","44675098.7801","8071.268","19247.101"
"General-42,2.5-#4","5537.7067","7416074.8133","3261.0151","7814.3983","0.5","0","0.5","0.5","0","0","0","0","13659.1845","44675098.7801","8071.268","19247.101"
"General-42,2.5-#5","5537.7067","7416074.8133","3261.0151","7814.3983","0.5","0","0.5","0.5","0","0","0","0","13659.1845","44675098.7801","8071.268","19247.101"
"General-42,2.5-#6","5537.7067","7416074.8133","3261.0151","7814.3983","0.5","0","0.5","0.5","0","0","0","0","13659.1845","44675098.7801","8071.268","19247.101"
"General-42,2.5-#7","5537.7067","7416074.8133","3261.0151","7814.3983","0.5","0","0.5","0.5","0","0","0","0","13659.1845","44675098.7801","8071.268","19247.101"
"General-42,2.5-#8","5537.7067","7416074.8133","3261.0151","7814.3983","0.5","0","0.5","0.5","0","0","0","0","13659.1845","44675098.7801","8071.268","19247.101"
"General-42,2.5-#9","5537.7067","7416074.8133","3261.0151","7814.3983","0.5","0","0.5","0.5","0","0","0","0","13659.1845","44675098.7801","8071.268","19247.101"
"General-42,5-#0","1911.4665","886783.995","1124.1922","2698.7408","0.5","0","0.5","0.5","0","0","0","0","9382.3399","20545675.9044","5592.8796","13171.8002"
"General-42,5-#1","1911.4665","886783.995","1124.1922","2698.7408","0.5","0","0.5","0.5","0","0","0","0","9382.3399","20545675.9044","5592.8796","13171.8002"
"General-42,5-#2","1911.4665","886783.995","1124.1922","2698.7408","0.5","0","0.5","0.5","0","0","0","0","9382.3399","20545675.9044","5592.8796","13171.8002"
"General-42,5-#3","1911.4665","886783.995","1124.1922","2698.7408","0.5","0","0.5","0.5","0","0","0","0","9382.3399","20545675.9044","5592.8796","13171.8002"
"General-42,5-#4","1911.4665","886783.995","1124.1922","2698.7408","0.5","0","0.5","0.5","0","0","0","0","9382.3399","20545675.9044","5592.8796","13171.8002"
"General-42,5-#5","1911.4665","886783.995","1124.1922","2698.7408","0.5","0","0.5","0.5","0","0","0","0","9382.3399","20545675.9044","5592.8796","13171.8002"
"General-42,5-#6","1911.4665","886783.995","1124.1922","2698.7408","0.5","0","0.5","0.5","0","0","0","0","9382.3399","20545675.9044","5592.8796","13171.8002"
"General-42,5-#7","1911.4665","886783.995","1124.1922","2698.7408","0.5","0","0.5","0.5","0","0","0","0","9382.3399","20545675.9044","5592.8796","13171.8002"
"General-42,5-#8","1911.4665","886783.995","1124.1922","2698.7408","0.5","0","0.5","0.5","0","0","0","0","9382.3399","20545675.9044","5592.8796","13171.8002"
"General-42,5-#9","1911.4665","886783.995","1124.1922","2698.7408","0.5","0","0.5","0.5","0","0","0","0","9382.3399","20545675.9044","5592.8796","13171.8002"
"General-42,10-#0","56.5614","1193.5446","27.6788","85.444","0.5002","0","0.5002","0.5002","0","0","0","0","569.5877","119538.242","280.5393","858.6361"
"General-42,10-#1","56.5614","1193.5446","27.6788","85.444","0.5002","0","0.5002","0.5002","0","0","0","0","569.5877","119538.242","280.5393","858.6361"
"General-42,10-#2","56.5614","1193.5446","27.6788","85.444","0.5002","0","0.5002","0.5002","0","0","0","0","569.5877","119538.242","280.5393","858.6361"
"General-42,10-#3","56.5614","1193.5446","27.6788","85.444","0.5002","0","0.5002","0.5002","0","0","0","0","569.5877","119538.242","280.5393","858.6361"
"General-42,10-#4","56.5614","1193.5446","27.6788","85.444","0.5002","0","0.5002","0.5002","0","0","0","0","569.5877","119538.242","280.5393","858.6361"
"General-42,10-#5","56.5614","1193.5446","27.6788","85.444","0.5002","0","0.5002","0.5002","0","0","0","0","569.5877","119538.242","280.5393","858.6361"
"General-42,10-#6","56.5614","1193.5446","27.6788","85.444","0.5002","0","0.5002","0.5002","0","0","0","0","569.5877","119538.242","280.5393","858.6361"
"General-42,10-#7","56.5614","1193.5446","27.6788","85.444","0.5002","0","0.5002","0.5002","0","0","0","0","569.5877","119538.242","280.5393","858.6361"
"General-42,10-#8","56.5614","1193.5446","27.6788","85.444","0.5002","0","0.5002","0.5002","0","0","0","0","569.5877","119538.242","280.5393","858.6361"
"General-42,10-#9","56.5614","1193.5446","27.6788","85.444","0.5002","0","0.5002","0.5002","0","0","0","0","569.5877","119538.242","280.5393","858.6361"
"General-53,2.5-#0","3.5687","0.4731","2.9937","4.1437","4298.4395","4374910.9877","2549.7941","6047.0849","0.5","0.2857","0.0531","0.9469","10755.1226","26897688.5418","6419.2688","15090.9764"
"General-53,2.5-#1","3.5687","0.4731","2.9937","4.1437","4298.4395","4374910.9877","2549.7941","6047.0849","0.5","0.2857","0.0531","0.9469","10755.1226","26897688.5418","6419.2688","15090.9764"
"General-53,2.5-#2","3.5687","0.4731","2.9937","4.1437","4298.4395","4374910.9877","2549.7941","6047.0849","0.5","0.2857","0.0531","0.9469","10755.1226","26897688.5418","6419.2688","15090.9764"
"General-53,2.5-#3","3.5687","0.4731","2.9937","4.1437","4298.4395","4374910.9877","2549.7941","6047.0849","0.5","0.2857","0.0531","0.9469","10755.1226","26897688.5418","6419.2688","15090.9764"
"General-53,2.5-#4","3.5687","0.4731","2.9937","4.1437","4298.4395","4374910.9877","2549.7941","6047.0849","0.5","0.2857","0.0531","0.9469","10755.1226","26897688.5418","6419.2688","15090.9764"
"General-53,2.5-#5","3.5687","0.4731","2.9937","4.1437","4298.4395","4374910.9877","2549.7941","6047.0849","0.5","0.2857","0.0531","0.9469","10755.1226","26897688.5418","6419.2688","15090.9764"
"General-53,2.5-#6","3.5687","0.4731","2.9937","4.1437","4298.4395","4374910.9877","2549.7941","6047.0849","0.5","0.2857","0.0531","0.9469","10755.1226","26897688.5418","6419.2688","15090.9764"
"General-53,2.5-#7","3.5687","0.4731","2.9937","4.1437","4298.4395","4374910.9877","2549.7941","6047.0849","0.5","0.2857","0.0531","0.9469","10755.1226","26897688.5418","6419.2688","15090.9764"
"General-53,2.5-#8","3.5687","0.4731","2.9937","4.1437","4298.4395","4374910.9877","2549.7941","6047.0849","0.5","0.2857","0.0531","0.9469","10755.1226","26897688.5418","6419.2688","15090.9764"
"General-53,2.5-#9","3.5687","0.4731","2.9937","4.1437","4298.4395","4374910.9877","2549.7941","6047.0849","0.5","0.2857","0.0531","0.9469","10755.1226","26897688.5418","6419.2688","15090.9764"
"General-53,5-#0","1.0899","0.002","1.0525","1.1273","439.525","35524.3917","281.9525","597.0975","0.625","0.2679","0.1923","1.0577","2183.7461","816508.5122","1428.3104","2939.1818"
"General-53,5-#1","1.0899","0.002","1.0525","1.1273","439.525","35524.3917","281.9525","597.0975","0.625","0.2679","0.1923","1.0577","2183.7461","816508.5122","1428.3104","2939.1818"
"General-53,5-#2","1.0899","0.002","1.0525","1.1273","439.525","35524.3917","281.9525","597.0975","0.625","0.2679","0.1923","1.0577","2183.7461","816508.5122","1428.3104","2939.1818"
"General-53,5-#3","1.0899","0.002","1.0525","1.1273","439.525","35524.3917","281.9525","597.0975","0.625","0.2679","0.1923","1.0577","2183.7461","816508.5122","1428.3104","2939.1818"
"General-53,5-#4","1.0899","0.002","1.0525","1.1273","439.525","35524.3917","281.9525","597.0975","0.625","0.2679","0.1923","1.0577","2183.7461","816508.5122","1428.3104","2939.1818"
"General-53,5-#5","1.0899","0.002","1.0525","1.1273","439.525","35524.3917","281.9525","597.0975","0.625","0.2679","0.1923","1.0577","2183.7461","816508.5122","1428.3104","2939.1818"
"General-53,5-#6","1.0899","0.002","1.0525","1.1273","439.525","35524.3917","281.9525","597.0975","0.625","0.2679","0.1923","1.0577","2183.7461","816508.5122","1428.3104","2939.1818"
"General-53,5-#7","1.0899","0.002","1.0525","1.1273","439.525","35524.3917","281.9525","597.0975","0.625","0.2679","0.1923","1.0577","2183.7461","816508.5122","1428.3104","2939.1818"
"General-53,5-#8","1.0899","0.002","1.0525","1.1273","439.525","35524.3917","281.9525","597.0975","0.625","0.2679","0.1923","1.0577","2183.7461","816508.5122","1428.3104","2939.1818"
"General-53,5-#9","1.0899","0.002","1.0525","1.1273","439.525","35524.3917","281.9525","597.0975","0.625","0.2679","0.1923","1.0577","2183.7461","816508.5122","1428.3104","2939.1818"
"General-53,10-#0","0.7583","8e-04","0.7347","0.7819","1.1809","0.0121","1.0889","1.2729","0.375","0.2679","-0.0577","0.8077","11.3445","0.4022","10.8143","11.8747"
"General-53,10-#1","0.7583","8e-04","0.7347","0.7819","1.1809","0.0121","1.0889","1.2729","0.375","0.2679","-0.0577","0.8077","11.3445","0.4022","10.8143","11.8747"
"General-53,10-#2","0.7583","8e-04","0.7347","0.7819","1.1809","0.0121","1.0889","1.2729","0.375","0.2679","-0.0577","0.8077","11.3445","0.4022","10.8143","11.8747"
"General-53,10-#3","0.7583","8e-04","0.7347","0.7819","1.1809","0.0121","1.0889","1.2729","0.375","0.2679","-0.0577","0.8077","11.3445","0.4022","10.8143","11.8747"
"General-53,10-#4","0.7583","8e-04","0.7347","0.7819","1.1809","0.0121","1.0889","1.2729","0.375","0.2679","-0.0577","0.8077","11.3445","0.4022","10.8143","11.8747"
"General-53,10-#5","0.7583","8e-04","0.7347","0.7819","1.1809","0.0121","1.0889","1.2729","0.375","0.2679","-0.0577","0.8077","11.3445","0.4022","10.8143","11.8747"
"General-53,10-#6","0.7583","8e-04","0.7347","0.7819","1.1809","0.0121","1.0889","1.2729","0.375","0.2679","-0.0577","0.8077","11.3445","0.4022","10.8143","11.8747"
"General-53,10-#7","0.7583","8e-04","0.7347","0.7819","1.1809","0.0121","1.0889","1.2729","0.375","0.2679","-0.0577","0.8077","11.3445","0.4022","10.8143","11.8747"
"General-53,10-#8","0.7583","8e-04","0.7347","0.7819","1.1809","0.0121","1.0889","1.2729","0.375","0.2679","-0.0577","0.8077","11.3445","0.4022","10.8143","11.8747"
"General-53,10-#9","0.7583","8e-04","0.7347","0.7819","1.1809","0.0121","1.0889","1.2729","0.375","0.2679","-0.0577","0.8077","11.3445","0.4022","10.8143","11.8747"
