"queueLength:vector OppNet.Q2 ($0=11, $1=5, #0 - PreliminarySimulation-2-20191008-08:07:21-8328)",
0,0
2.530110023542,1
2.600861778287,2
3.901619679614,1
3.972371434359,0
9.908184829933,1
9.978936584678,2
11.279694486005,1
11.35044624075,0
14.826901367527,1
16.198411023599,0
24.664334442715,1
26.035844098787,0
34.501767517903,1
34.572519272648,2
35.873277173975,1
35.94402892872,0
44.339200593091,1
45.710710249163,0
49.257917130685,1
50.629426786757,0
54.176633668279,1
55.548143324351,0
61.55470847467,1
62.926218130742,0
66.473425012264,1
67.844934668336,0
71.392141549858,1
72.76365120593,0
78.770216356249,1
80.141726012321,0
95.985724237828,1
97.3572338939,0
118.119948657001,1
119.491458313073,0
125.498023463392,1
125.568775218137,2
126.869533119464,1
126.940284874209,0
132.876098269783,1
134.247607925855,0
135.33545653858,1
136.706966194652,0
137.794814807377,1
139.166324463449,0
140.254173076174,1
140.324924830919,2
141.625682732246,1
141.696434486991,0
150.091606151362,1
151.463115807434,0
157.469680957753,1
158.841190613825,0
159.92903922655,1
161.300548882622,0
167.307114032941,1
168.678623689013,0
169.766472301738,1
171.13798195781,0
172.225830570535,1
173.597340226607,0
179.603905376926,1
180.975415032998,0
191.900696720911,1
191.971448475656,2
193.272206376983,1
193.342958131728,0
196.819413258505,1
198.190922914577,0
199.278771527302,1
200.650281183374,0
221.412995946475,1
222.784505602547,0
223.872354215272,1
225.243863871344,0
226.331712484069,1
227.703222140141,0
228.791070752866,1
228.861822507611,2
230.162580408938,1
230.233332163683,0
231.250429021663,1
232.621938677735,0
236.169145559257,1
236.239897314002,2
236.310649068747,3
236.381400823492,4
237.540655215329,3
237.611406970074,2
237.682158724819,1
237.752910479564,0
238.628503828054,1
240.000013484126,0
250.925295172039,1
252.296804828111,0
253.384653440836,1
254.756163096908,0
263.222086516024,1
263.292838270769,2
264.593596172096,1
264.664347926841,0
265.681444784821,1
267.052954440893,0
270.600161322415,1
271.971670978487,0
290.275027472791,1
291.646537128863,0
295.193744010385,1
296.565253666457,0
322.246684967152,1
323.618194623224,0
324.706043235949,1
326.077552892021,0
332.08411804234,1
332.154869797085,2
333.455627698412,1
333.526379453157,0
337.002834579934,1
338.374344236006,0
339.462192848731,1
340.833702504803,0
344.380909386325,1
345.752419042397,0
349.299625923919,1
350.671135579991,0
351.758984192716,1
353.130493848788,0
354.218342461513,1
355.589852117585,0
361.596417267904,1
362.967926923976,0
366.515133805498,1
366.585885560243,2
367.88664346157,1
367.957395216315,0
371.433850343092,1
372.805359999164,0
373.893208611889,1
375.264718267961,0
376.352566880686,1
377.724076536758,0
383.730641687077,1
383.801393441822,2
385.102151343149,1
385.172903097894,0
386.189999955874,1
386.260751710619,2
387.561509611946,1
387.632261366691,0
405.86486610625,1
405.935617860995,2
406.00636961574,3
407.236375762322,2
407.307127517067,1
407.377879271812,0
408.324224375047,1
408.394976129792,2
408.465727884537,3
409.695734031119,2
409.766485785864,1
409.837237540609,0
415.702299181438,1
417.07380883751,0
420.621015719032,1
421.992525375104,0
423.080373987829,1
423.151125742574,2
424.451883643901,1
424.522635398646,0
425.539732256626,1
426.911241912698,0
437.836523600611,1
439.208033256683,0
440.295881869408,1
441.66739152548,0
447.673956675799,1
449.045466331871,0
457.511389750987,1
457.582141505732,2
458.882899407059,1
458.953651161804,0
464.889464557378,1
464.960216312123,2
466.26097421345,1
466.331725968195,0
472.267539363769,1
472.338291118514,2
473.639049019841,1
473.709800774586,0
474.726897632566,1
476.098407288638,0
477.186255901363,1
478.557765557435,0
482.104972438957,1
483.476482095029,0
491.942405514145,1
493.313915170217,0
496.861122051739,1
498.232631707811,0
499.320480320536,1
499.391232075281,2
500.691989976608,1
500.762741731353,0
509.157913395724,1
510.529423051796,0
518.995346470912,1
520.366856126984,0
528.8327795461,1
528.903531300845,2
530.204289202172,1
530.275040956917,0
531.292137814897,1
532.663647470969,0
533.751496083694,1
535.123005739766,0
536.210854352491,1
537.582364008563,0
541.129570890085,1
542.501080546157,0
543.588929158882,1
544.960438814954,0
548.507645696476,1
549.879155352548,0
550.967003965273,1
552.338513621345,0
555.885720502867,1
557.257230158939,0
563.263795309258,1
563.334547064003,2
564.63530496533,1
564.706056720075,0
568.182511846852,1
569.554021502924,0
575.560586653243,1
576.932096309315,0
578.01994492204,1
579.391454578112,0
582.938661459634,1
584.310171115706,0
595.235452803619,1
595.306204558364,2
596.606962459691,1
596.677714214436,0
602.61352761001,1
603.985037266082,0
612.450960685198,1
612.521712439943,2
613.82247034127,1
613.893222096015,0
617.369677222792,1
618.741186878864,0
624.747752029183,1
626.119261685255,0
632.125826835574,1
633.497336491646,0
634.585185104371,1
635.956694760443,0
646.881976448356,1
648.253486104428,0
651.80069298595,1
653.172202642022,0
666.556842598732,1
667.928352254804,0
669.016200867529,1
670.387710523601,0
671.475559136326,1
672.847068792398,0
683.772350480311,1
683.843102235056,2
685.143860136383,1
685.214611891128,0
698.528500093093,1
698.599251847838,2
699.900009749165,1
699.97076150391,0
700.98785836189,1
702.359368017962,0
718.203366243469,1
719.574875899541,0
723.122082781063,1
723.192834535808,2
724.493592437135,1
724.56434419188,0
728.040799318657,1
728.111551073402,2
729.412308974729,1
729.483060729474,0
735.418874125048,1
735.489625879793,2
736.79038378112,1
736.861135535865,0
737.878232393845,1
739.249742049917,0
740.337590662642,1
740.408342417387,2
741.709100318714,1
741.779852073459,0
755.093740275424,1
755.164492030169,2
756.465249931496,1
756.536001686241,0
772.309248157003,1
772.379999911748,2
772.450751666493,3
773.680757813075,2
773.75150956782,1
773.822261322565,0
777.227964694597,1
778.599474350669,0
782.146681232191,1
782.217432986936,2
782.288184741681,3
783.518190888263,2
783.588942643008,1
783.659694397753,0
789.524756038582,1
790.896265694654,0
791.984114307379,1
792.054866062124,2
793.355623963451,1
793.426375718196,0
801.821547382567,1
803.193057038639,0
804.280905651364,1
804.351657406109,2
804.422409160854,3
805.652415307436,2
805.723167062181,1
805.793918816926,0
806.740263920161,1
808.111773576233,0
826.415130070537,1
827.786639726609,0
833.793204876928,1
835.164714533,0
838.711921414522,1
840.083431070594,0
841.171279683319,1
842.542789339391,0
843.630637952116,1
843.701389706861,2
845.002147608188,1
845.072899362933,0
851.008712758507,1
852.380222414579,0
853.468071027304,1
854.839580683376,0
855.927429296101,1
857.298938952173,0
870.683578908883,1
870.754330663628,2
870.825082418373,3
872.055088564955,2
872.1258403197,1
872.196592074445,0
882.980370252868,1
884.35187990894,0
885.439728521665,1
886.811238177737,0
892.817803328056,1
894.189312984128,0
897.73651986565,1
899.108029521722,0
900.195878134447,1
901.567387790519,0
910.033311209635,1
911.404820865707,0
912.492669478432,1
913.864179134504,0
917.411386016026,1
918.782895672098,0
922.33010255362,1
923.701612209692,0
924.789460822417,1
926.160970478489,0
934.626893897605,1
935.998403553677,0
937.086252166402,1
937.157003921147,2
938.457761822474,1
938.528513577219,0
939.545610435199,1
939.616362189944,2
940.917120091271,1
940.987871846016,0
954.301760047981,1
954.372511802726,2
955.673269704053,1
955.744021458798,0
964.139193123169,1
965.510702779241,0
966.598551391966,1
967.970061048038,0
969.057909660763,1
969.128661415508,2
970.429419316835,1
970.50017107158,0
973.976626198357,1
975.348135854429,0
978.895342735951,1
980.266852392023,0
981.354701004748,1
982.72621066082,0
986.273417542342,1
987.644927198414,0
988.732775811139,1
990.104285467211,0
993.651492348733,1
995.023002004805,0
998.570208886327,1
998.640960641072,2
999.941718542399,1
1000.012470297144,0
1001.029567155124,1
1002.401076811196,0
1005.948283692718,1
1007.31979334879,0
1010.867000230312,1
1012.238509886384,0
1018.245075036703,1
1018.315826791448,2
1019.616584692775,1
1019.68733644752,0
1025.623149843094,1
1026.994659499166,0
1030.541866380688,1
1031.91337603676,0
1033.001224649485,1
1034.372734305557,0
1045.29801599347,1
1046.669525649542,0
1060.054165606252,1
1061.425675262324,0
1062.513523875049,1
1063.885033531121,0
1067.432240412643,1
1068.803750068715,0
1069.89159868144,1
1071.263108337512,0
1082.188390025425,1
1083.559899681497,0
1087.107106563019,1
1088.478616219091,0
1094.48518136941,1
1095.856691025482,0
1096.944539638207,1
1097.015291392952,2
1098.316049294279,1
1098.386801049024,0
1099.403897907004,1
1100.775407563076,0
1104.322614444598,1
1105.69412410067,0
1106.781972713395,1
1108.153482369467,0
1128.916197132568,1
1128.986948887313,2
1130.28770678864,1
1130.358458543385,0
1131.375555401365,1
1131.44630715611,2
1132.747065057437,1
1132.817816812182,0
1136.294271938959,1
1136.365023693704,2
1137.665781595031,1
1137.736533349776,0
1138.753630207756,1
1140.125139863828,0
1141.212988476553,1
1142.584498132625,0
1148.591063282944,1
1149.962572939016,0
1153.509779820538,1
1154.88128947661,0
1155.969138089335,1
1157.340647745407,0
1160.887854626929,1
1162.259364283001,0
1165.806571164523,1
1167.178080820595,0
1168.26592943332,1
1169.637439089392,0
1173.184645970914,1
1174.556155626986,0
1183.022079046102,1
1183.092830800847,2
1184.393588702174,1
1184.464340456919,0
1185.481437314899,1
1186.852946970971,0
1195.318870390087,1
1196.690380046159,0
1210.075020002869,1
1211.446529658941,0
1212.534378271666,1
1213.905887927738,0
1214.993736540463,1
1215.064488295208,2
1216.365246196535,1
1216.43599795128,0
1217.45309480926,1
1218.824604465332,0
1227.290527884448,1
1228.66203754052,0
1232.209244422042,1
1233.580754078114,0
1234.668602690839,1
1236.040112346911,0
1249.424752303621,1
1250.796261959693,0
1251.884110572418,1
1253.25562022849,0
1259.262185378809,1
1260.633695034881,0
1261.721543647606,1
1263.093053303678,0
1264.180901916403,1
1265.552411572475,0
1274.018334991591,1
1274.089086746336,2
1274.159838501081,3
1275.389844647663,2
1275.460596402408,1
1275.531348157153,0
1288.774484604373,1
1290.145994260445,0
1305.989992485952,1
1307.361502142024,0
1313.368067292343,1
1314.739576948415,0
1337.961649980313,1
1339.333159636385,0
1342.880366517907,1
1344.251876173979,0
1347.799083055501,1
1349.170592711573,0
1365.01459093708,1
1366.386100593152,0
1367.473949205877,1
1368.845458861949,0
1369.933307474674,1
1371.304817130746,0
1372.392665743471,1
1372.463417498216,2
1373.764175399543,1
1373.834927154288,0
1374.852024012268,1
1376.22353366834,0
1379.770740549862,1
1381.142250205934,0
1404.364323237832,1
1404.435074992577,2
1405.735832893904,1
1405.806584648649,0
1406.823681506629,1
1408.195191162701,0
1411.742398044223,1
1411.813149798968,2
1413.113907700295,1
1413.18465945504,0
1419.120472850614,1
1420.491982506686,0
1441.254697269787,1
1442.626206925859,0
1456.010846882569,1
1456.081598637314,2
1457.382356538641,1
1457.453108293386,0
1458.470205151366,1
1459.841714807438,0
1468.307638226554,1
1469.679147882626,0
1473.226354764148,1
1474.59786442022,0
1475.685713032945,1
1477.057222689017,0
1480.604429570539,1
1481.975939226611,0
1487.98250437693,1
1488.053256131675,2
1488.12400788642,3
1489.354014033002,2
1489.424765787747,1
1489.495517542492,0
1497.819937452118,1
1497.890689206863,2
1499.19144710819,1
1499.262198862935,0
1505.198012258509,1
1505.268764013254,2
1506.569521914581,1
1506.640273669326,0
1507.657370527306,1
1509.028880183378,0
1510.116728796103,1
1511.488238452175,0
1512.5760870649,1
1513.947596720972,0
1515.035445333697,1
1516.406954989769,0
1519.954161871291,1
1521.325671527363,0
1522.413520140088,1
1523.78502979616,0
1527.332236677682,1
1528.703746333754,0
1534.710311484073,1
1536.081821140145,0
1537.16966975287,1
1538.541179408942,0
1539.629028021667,1
1541.000537677739,0
1547.007102828058,1
1548.37861248413,0
1564.222610709637,1
1565.594120365709,0
1566.681968978434,1
1568.053478634506,0
1578.978760322419,1
1580.350269978491,0
1581.438118591216,1
1581.508870345961,2
1581.579622100706,3
1582.809628247288,2
1582.880380002033,1
1582.951131756778,0
1586.35683512881,1
1587.728344784882,0
1591.275551666404,1
1592.647061322476,0
1596.194268203998,1
1597.56577786007,0
1598.653626472795,1
1600.025136128867,0
1601.112984741592,1
1602.484494397664,0
1606.031701279186,1
1607.403210935258,0
1610.95041781678,1
1612.321927472852,0
1615.869134354374,1
1617.240644010446,0
1623.247209160765,1
1623.31796091551,2
1624.618718816837,1
1624.689470571582,0
1630.625283967156,1
1631.996793623228,0
1633.084642235953,1
1633.155393990698,2
1634.456151892025,1
1634.52690364677,0
1642.922075311141,1
1644.293584967213,0
1665.056299730314,1
1666.427809386386,0
1672.434374536705,1
1672.50512629145,2
1673.805884192777,1
1673.876635947522,0
1682.271807611893,1
1682.342559366638,2
1682.413311121383,3
1683.643317267965,2
1683.71406902271,1
1683.784820777455,0
1687.190524149487,1
1688.562033805559,0
1697.027957224675,1
1697.09870897942,2
1698.399466880747,1
1698.470218635492,0
1701.946673762269,1
1703.318183418341,0
1706.865390299863,1
1708.236899955935,0
1716.702823375051,1
1718.074333031123,0
1721.621539912645,1
1721.69229166739,2
1722.993049568717,1
1723.063801323462,0
1726.540256450239,1
1726.611008204984,2
1727.911766106311,1
1727.982517861056,0
1733.91833125663,1
1735.289840912702,0
1736.377689525427,1
1737.749199181499,0
1743.755764331818,1
1743.826516086563,2
1745.12727398789,1
1745.198025742635,0
1751.133839138209,1
1751.204590892954,2
1751.275342647699,3
1752.505348794281,2
1752.576100549026,1
1752.646852303771,0
1763.430630482194,1
1764.802140138266,0
1780.646138363773,1
1782.017648019845,0
1783.10549663257,1
1783.176248387315,2
1784.477006288642,1
1784.547758043387,0
1797.861646245352,1
1799.233155901424,0
1817.536512395728,1
1817.607264150473,2
1818.9080220518,1
1818.978773806545,0
1819.995870664525,1
1821.367380320597,0
1822.455228933322,1
1823.826738589394,0
1837.211378546104,1
1838.582888202176,0
1844.589453352495,1
1845.960963008567,0
1849.508169890089,1
1850.879679546161,0
1861.804961234074,1
1863.176470890146,0
1864.264319502871,1
1865.635829158943,0
1874.101752578059,1
1874.172504332804,2
1875.473262234131,1
1875.544013988876,0
1876.561110846856,1
1877.932620502928,0
1886.398543922044,1
1886.469295676789,2
1887.770053578116,1
1887.840805332861,0
1896.235976997232,1
1896.306728751977,2
1896.377480506722,3
1897.607486653304,2
1897.678238408049,1
1897.748990162794,0
1898.695335266029,1
1900.066844922101,0
1901.154693534826,1
1902.526203190898,0
1906.07341007242,1
1906.144161827165,2
1907.444919728492,1
1907.515671483237,0
1908.532768341217,1
1909.904277997289,0
1910.992126610014,1
1911.062878364759,2
1911.133630119504,3
1912.363636266086,2
1912.434388020831,1
1912.505139775576,0
1915.910843147608,1
1917.28235280368,0
1920.829559685202,1
1922.201069341274,0
1925.748276222796,1
1927.119785878868,0
1930.66699276039,1
1932.038502416462,0
1933.126351029187,1
1933.197102783932,2
1934.497860685259,1
1934.568612440004,0
1940.504425835578,1
1940.575177590323,2
1941.87593549165,1
1941.946687246395,0
1942.963784104375,1
1944.335293760447,0
1950.341858910766,1
1950.412610665511,2
1951.713368566838,1
1951.784120321583,0
1977.394799867533,1
1978.766309523605,0
1979.85415813633,1
1981.225667792402,0
1984.772874673924,1
1986.144384329996,0
1989.691591211518,1
1991.06310086759,0
1994.610307749112,1
1995.981817405184,0
1997.069666017909,1
1998.441175673981,0
2001.988382555503,1
2003.359892211575,0
2006.907099093097,1
2008.278608749169,0
2009.366457361894,1
2010.737967017966,0
2021.663248705879,1
2021.734000460624,2
2023.034758361951,1
2023.105510116696,0
2024.122606974676,1
2025.494116630748,0
2033.960040049864,1
2035.331549705936,0
2036.419398318661,1
2037.790907974733,0
2041.338114856255,1
2042.709624512327,0
2043.797473125052,1
2045.168982781124,0
2053.63490620024,1
2053.705657954985,2
2055.006415856312,1
2055.077167611057,0
2065.931697544225,1
2067.303207200297,0
2070.850414081819,1
2072.221923737891,0
2075.769130619413,1
2077.140640275485,0
2080.687847157007,1
2082.059356813079,0
2088.065921963398,1
2089.43743161947,0
2090.525280232195,1
2090.59603198694,2
2091.896789888267,1
2091.967541643012,0
2092.984638500992,1
2093.055390255737,2
2094.356148157064,1
2094.426899911809,0
2097.903355038586,1
2099.274864694658,0
2102.82207157618,1
2104.193581232252,0
2105.281429844977,1
2106.652939501049,0
2107.740788113774,1
2109.112297769846,0
2112.659504651368,1
2114.03101430744,0
2117.578221188962,1
2117.648972943707,2
2117.719724698452,3
2118.949730845034,2
2119.020482599779,1
2119.091234354524,0
2120.037579457759,1
2121.409089113831,0
2122.496937726556,1
2123.868447382628,0
2129.875012532947,1
2131.246522189019,0
2132.334370801744,1
2133.705880457816,0
2139.712445608135,1
2141.083955264207,0
2147.090520414526,1
2148.462030070598,0
2149.549878683323,1
2149.620630438068,2
2149.691382192813,3
2150.921388339395,2
2150.99214009414,1
2151.062891848885,0
2152.00923695212,1
2153.380746608192,0
2154.468595220917,1
2155.840104876989,0
2164.306028296105,1
2165.677537952177,0
2166.765386564902,1
2168.136896220974,0
2169.224744833699,1
2170.596254489771,0
2171.684103102496,1
2173.055612758568,0
2176.60281964009,1
2177.974329296162,0
2179.062177908887,1
2180.433687564959,0
2181.521536177684,1
2182.893045833756,0
2183.980894446481,1
2185.352404102553,0
2186.440252715278,1
2187.81176237135,0
2203.655760596857,1
2205.027270252929,0
2213.493193672045,1
2214.864703328117,0
2223.330626747233,1
2224.702136403305,0
2247.924209435203,1
2247.994961189948,2
2249.295719091275,1
2249.36647084602,0
2250.383567704,1
2251.755077360072,0
2255.302284241594,1
2256.673793897666,0
2262.680359047985,1
2264.051868704057,0
2265.139717316782,1
2266.511226972854,0
2272.517792123173,1
2273.889301779245,0
2279.895866929564,1
2281.267376585636,0
2289.733300004752,1
2291.104809660824,0
2306.948807886331,1
2308.320317542403,0
2311.867524423925,1
2311.93827617867,2
2313.239034079997,1
2313.309785834742,0
2326.623674036707,1
2327.995183692779,0
2331.542390574301,1
2331.613142329046,2
2332.913900230373,1
2332.984651985118,0
2336.461107111895,1
2337.832616767967,0
2338.920465380692,1
2340.291975036764,0
2341.379823649489,1
2341.450575404234,2
2341.521327158979,3
2342.751333305561,2
2342.822085060306,1
2342.892836815051,0
2343.839181918286,1
2343.909933673031,2
2345.210691574358,1
2345.281443329103,0
2346.298540187083,1
2347.670049843155,0
2351.217256724677,1
2352.588766380749,0
2356.135973262271,1
2357.507482918343,0
2365.973406337459,1
2366.044158092204,2
2367.344915993531,1
2367.415667748276,0
2375.810839412647,1
2377.182349068719,0
2388.107630756632,1
2389.479140412704,0
2395.485705563023,1
2396.857215219095,0
2397.94506383182,1
2399.316573487892,0
2400.404422100617,1
2401.775931756689,0
2410.241855175805,1
2411.613364831877,0
2417.619929982196,1
2418.991439638268,0
2422.53864651979,1
2423.910156175862,0
2424.998004788587,1
2425.068756543332,2
2426.369514444659,1
2426.440266199404,0
2427.457363057384,1
2428.828872713456,0
2429.916721326181,1
2431.288230982253,0
2437.294796132572,1
2438.666305788644,0
2442.213512670166,1
2442.284264424911,2
2443.585022326238,1
2443.655774080983,0
2449.591587476557,1
2450.963097132629,0
2459.429020551745,1
2459.49977230649,2
2459.570524061235,3
2460.800530207817,2
2460.871281962562,1
2460.942033717307,0
2461.888378820542,1
2463.259888476614,0
2466.807095358136,1
2468.178605014208,0
2481.563244970918,1
2482.93475462699,0
2484.022603239715,1
2485.394112895787,0
2488.941319777309,1
2490.312829433381,0
2496.3193945837,1
2497.690904239772,0
2498.778752852497,1
2498.849504607242,2
2500.150262508569,1
2500.221014263314,0
2503.697469390091,1
2505.068979046163,0
2506.156827658888,1
2506.227579413633,2
2507.52833731496,1
2507.599089069705,0
2518.453619002873,1
2519.825128658945,0
2520.91297727167,1
2522.284486927742,0
2533.209768615655,1
2533.2805203704,2
2534.581278271727,1
2534.652030026472,0
2535.669126884452,1
2537.040636540524,0
2552.884634766031,1
2554.256144422103,0
2565.181426110016,1
2566.552935766088,0
2570.10014264761,1
2571.471652303682,0
2575.018859185204,1
2576.390368841276,0
2582.396933991595,1
2582.46768574634,2
2583.768443647667,1
2583.839195402412,0
2584.856292260392,1
2586.227801916464,0
2592.234367066783,1
2593.605876722855,0
2594.69372533558,1
2596.065234991652,0
2597.153083604377,1
2598.524593260449,0
2604.531158410768,1
2605.90266806684,0
2611.909233217159,1
2611.979984971904,2
2613.280742873231,1
2613.351494627976,0
2641.421532442723,1
2642.793042098795,0
2646.340248980317,1
2647.711758636389,0
2651.258965517911,1
2652.630475173983,0
2658.637040324302,1
2660.008549980374,0
2668.47447339949,1
2669.845983055562,0
2683.230623012272,1
2684.602132668344,0
2688.149339549866,1
2689.520849205938,0
2695.527414356257,1
2695.598166111002,2
2696.898924012329,1
2696.969675767074,0
2700.446130893851,1
2700.516882648596,2
2700.587634403341,3
2701.817640549923,2
2701.888392304668,1
2701.959144059413,0
2710.283563969039,1
2711.655073625111,0
2712.742922237836,1
2714.114431893908,0
2732.417788388212,1
2733.789298044284,0
2737.336504925806,1
2738.708014581878,0
2739.795863194603,1
2739.866614949348,2
2741.167372850675,1
2741.23812460542,0
2742.2552214634,1
2743.626731119472,0
2744.714579732197,1
2746.086089388269,0
2754.552012807385,1
2755.923522463457,0
2759.470729344979,1
2760.842239001051,0
2764.389445882573,1
2765.760955538645,0
2769.308162420167,1
2770.679672076239,0
2771.767520688964,1
2773.139030345036,0
2774.226878957761,1
2775.598388613833,0
2776.686237226558,1
2776.756988981303,2
2778.05774688263,1
2778.128498637375,0
2781.604953764152,1
2781.675705518897,2
2782.976463420224,1
2783.047215174969,0
2784.064312032949,1
2784.135063787694,2
2785.435821689021,1
2785.506573443766,0
2791.44238683934,1
2792.813896495412,0
2806.198536452122,1
2807.570046108194,0
2808.657894720919,1
2810.029404376991,0
2833.251477408889,1
2834.622987064961,0
2843.088910484077,1
2843.159662238822,2
2844.460420140149,1
2844.531171894894,0
2848.007627021671,1
2849.379136677743,0
2850.466985290468,1
2851.83849494654,0
2860.304418365656,1
2861.675928021728,0
2865.22313490325,1
2866.594644559322,0
2870.141851440844,1
2871.513361096916,0
2872.601209709641,1
2873.972719365713,0
2875.060567978438,1
2876.43207763451,0
2877.519926247235,1
2878.891435903307,0
2882.438642784829,1
2882.509394539574,2
2883.810152440901,1
2883.880904195646,0
2887.357359322423,1
2888.728868978495,0
2889.81671759122,1
2891.188227247292,0
2892.276075860017,1
2893.647585516089,0
2902.113508935205,1
2903.485018591277,0
2904.572867204002,1
2905.944376860074,0
2907.032225472799,1
2907.102977227544,2
2908.403735128871,1
2908.474486883616,0
2911.950942010393,1
2913.322451666465,0
2916.869658547987,1
2918.241168204059,0
2921.788375085581,1
2921.859126840326,2
2923.159884741653,1
2923.230636496398,0
2934.085166429566,1
2934.155918184311,2
2935.456676085638,1
2935.527427840383,0
2941.463241235957,1
2942.834750892029,0
2943.922599504754,1
2945.294109160826,0
2951.300674311145,1
2952.672183967217,0
2953.760032579942,1
2955.131542236014,0
2958.678749117536,1
2960.050258773608,0
2963.59746565513,1
2964.968975311202,0
2966.056823923927,1
2967.428333579999,0
2973.434898730318,1
2974.80640838639,0
2975.894256999115,1
2975.96500875386,2
2976.035760508605,3
2977.265766655187,2
2977.336518409932,1
2977.407270164677,0
2980.812973536709,1
2982.184483192781,0
2983.272331805506,1
2984.643841461578,0
2990.650406611897,1
2990.721158366642,2
2990.791910121387,3
2992.021916267969,2
2992.092668022714,1
2992.163419777459,0
3000.487839687085,1
3001.859349343157,0
3012.78463103107,1
3014.156140687142,0
3015.243989299867,1
3016.615498955939,0
3022.622064106258,1
3022.692815861003,2
3023.99357376233,1
3024.064325517075,0
3037.37821371904,1
3038.749723375112,0
3039.837571987837,1
3041.209081643909,0
3047.215646794228,1
3048.5871564503,0
3052.134363331822,1
3053.505872987894,0
3057.053079869416,1
3058.424589525488,0
3059.512438138213,1
3060.883947794285,0
3071.809229482198,1
3071.879981236943,2
3073.18073913827,1
3073.251490893015,0
3081.646662557386,1
3083.018172213458,0
3086.56537909498,1
3087.936888751052,0
3089.024737363777,1
3089.095489118522,2
3090.396247019849,1
3090.466998774594,0
3098.862170438965,1
3100.233680095037,0
3101.321528707762,1
3101.392280462507,2
3102.693038363834,1
3102.763790118579,0
3103.780886976559,1
3105.152396632631,0
3113.618320051747,1
3114.989829707819,0
3118.537036589341,1
3118.607788344086,2
3119.908546245413,1
3119.979298000158,0
3120.996394858138,1
3122.36790451421,0
3130.833827933326,1
3130.904579688071,2
3130.975331442816,3
3132.205337589398,2
3132.276089344143,1
3132.346841098888,0
3140.671261008514,1
3142.042770664586,0
3150.508694083702,1
3150.579445838447,2
3151.880203739774,1
3151.950955494519,0
3152.968052352499,1
3154.339562008571,0
3167.724201965281,1
3169.095711621353,0
3170.183560234078,1
3171.55506989015,0
3172.642918502875,1
3174.014428158947,0
3177.561635040469,1
3177.632386795214,2
3178.933144696541,1
3179.003896451286,0
3189.858426384454,1
3191.229936040526,0
3192.317784653251,1
3192.388536407996,2
3193.689294309323,1
3193.760046064068,0
3197.236501190845,1
3198.608010846917,0
3209.53329253483,1
3209.604044289575,2
3210.904802190902,1
3210.975553945647,0
3214.452009072424,1
3215.823518728496,0
3224.289442147612,1
3225.660951803684,0
3229.208158685206,1
3230.579668341278,0
3236.586233491597,1
3237.957743147669,0
3243.964308297988,1
3245.33581795406,0
3246.423666566785,1
3246.49441832153,2
3247.795176222857,1
3247.865927977602,0
3248.883024835582,1
3250.254534491654,0
3253.801741373176,1
3253.872493127921,2
3255.173251029248,1
3255.244002783993,0
3261.179816179567,1
3262.551325835639,0
3268.557890985958,1
3269.92940064203,0
3278.395324061146,1
3279.766833717218,0
3293.151473673928,1
3293.222225428673,2
3293.292977183418,3
3294.52298333,2
3294.593735084745,1
3294.66448683949,0
3302.988906749116,1
3304.360416405188,0
3307.90762328671,1
3309.279132942782,0
3315.285698093101,1
3315.356449847846,2
3316.657207749173,1
3316.727959503918,0
3317.745056361898,1
3319.11656601797,0
3320.204414630695,1
3321.575924286767,0
3327.582489437086,1
3328.953999093158,0
3342.338639049868,1
3342.409390804613,2
3343.71014870594,1
3343.780900460685,0
3344.797997318665,1
3344.86874907341,2
3346.169506974737,1
3346.240258729482,0
3349.716713856259,1
3349.787465611004,2
3351.088223512331,1
3351.158975267076,0
3359.554146931447,1
3360.925656587519,0
3362.013505200244,1
3363.385014856316,0
3364.472863469041,1
3365.844373125113,0
3366.932221737838,1
3367.002973492583,2
3368.30373139391,1
3368.374483148655,0
3369.391580006635,1
3370.763089662707,0
3376.769654813026,1
3378.141164469098,0
3386.607087888214,1
3387.978597544286,0
3393.985162694605,1
3394.05591444935,2
3394.126666204095,3
3394.19741795884,4
3394.268169713585,5
3395.356672350677,4
3395.427424105422,3
3395.498175860167,2
3395.568927614912,1
3395.639679369657,0
3403.822595769793,1
3405.194105425865,0
3406.28195403859,1
3407.653463694662,0
3416.119387113778,1
3417.49089676985,0
3421.038103651372,1
3422.409613307444,0
3423.497461920169,1
3424.868971576241,0
3425.956820188966,1
3427.328329845038,0
3430.87553672656,1
3432.247046382632,0
3455.46911941453,1
3456.840629070602,0
3465.306552489718,1
3466.67806214579,0
3467.765910758515,1
3469.137420414587,0
3470.225269027312,1
3471.596778683384,0
3472.684627296109,1
3474.056136952181,0
3497.278209984079,1
3497.348961738824,2
3498.649719640151,1
3498.720471394896,0
3504.65628479047,1
3504.727036545215,2
3506.027794446542,1
3506.098546201287,0
3509.575001328064,1
3510.946510984136,0
3514.493717865658,1
3515.86522752173,0
3521.871792672049,1
3521.942544426794,2
3523.243302328121,1
3523.314054082866,0
3524.331150940846,1
3525.702660596918,0
3531.709225747237,1
3533.080735403309,0
3534.168584016034,1
3535.540093672106,0
3546.465375360019,1
3547.836885016091,0
3548.924733628816,1
3550.296243284888,0
3553.84345016641,1
3553.914201921155,2
3555.214959822482,1
3555.285711577227,0
3556.302808435207,1
3557.674318091279,0
3561.221524972801,1
3562.593034628873,0
3568.599599779192,1
3569.971109435264,0
3571.058958047989,1
3572.430467704061,0
3575.977674585583,1
3577.349184241655,0
3578.43703285438,1
3579.808542510452,0
3583.355749391974,1
3584.727259048046,0
3585.815107660771,1
3587.186617316843,0
3595.652540735959,1
3597.024050392031,0
3607.949332079944,1
3608.020083834689,2
3609.320841736016,1
3609.391593490761,0
3617.786765155132,1
3619.158274811204,0
3622.705481692726,1
3624.076991348798,0
3632.542914767914,1
3632.613666522659,2
3633.914424423986,1
3633.985176178731,0
3635.002273036711,1
3636.373782692783,0
3647.299064380696,1
3648.670574036768,0
3659.595855724681,1
3660.967365380753,0
3664.514572262275,1
3665.886081918347,0
3666.973930531072,1
3668.345440187144,0
3669.433288799869,1
3670.804798455941,0
3681.730080143854,1
3683.101589799926,0
3689.108154950245,1
3690.479664606317,0
3694.026871487839,1
3695.398381143911,0
3703.864304563027,1
3705.235814219099,0
3706.323662831824,1
3707.695172487896,0
3713.701737638215,1
3715.073247294287,0
3716.161095907012,1
3717.532605563084,0
3723.539170713403,1
3724.910680369475,0
3733.376603788591,1
3734.748113444663,0
3750.59211167017,1
3750.662863424915,2
3751.963621326242,1
3752.034373080987,0
3755.510828207764,1
3756.882337863836,0
3762.888903014155,1
3762.9596547689,2
3764.260412670227,1
3764.331164424972,0
3772.726336089343,1
3772.797087844088,2
3774.097845745415,1
3774.16859750016,0
3775.18569435814,1
3776.557204014212,0
3780.104410895734,1
3781.475920551806,0
3792.401202239719,1
3793.772711895791,0
3794.860560508516,1
3794.931312263261,2
3796.232070164588,1
3796.302821919333,0
3802.238635314907,1
3803.610144970979,0
3819.454143196486,1
3820.825652852558,0
3821.913501465283,1
3823.285011121355,0
3834.210292809268,1
3834.281044564013,2
3835.58180246534,1
3835.652554220085,0
3836.669651078065,1
3838.041160734137,0
3846.507084153253,1
3847.878593809325,0
3848.96644242205,1
3850.337952078122,0
3851.425800690847,1
3852.797310346919,0
3871.100666841223,1
3872.472176497295,0
3888.316174722802,1
3888.386926477547,2
3889.687684378874,1
3889.758436133619,0
3903.072324335584,1
3903.143076090329,2
3903.213827845074,3
3904.443833991656,2
3904.514585746401,1
3904.585337501146,0
3907.991040873178,1
3909.36255052925,0
3920.287832217163,1
3921.659341873235,0
3922.74719048596,1
3924.118700142032,0
3927.665907023554,1
3927.736658778299,2
3929.037416679626,1
3929.108168434371,0
3930.125265292351,1
3931.496774948423,0
3939.962698367539,1
3940.033450122284,2
3941.334208023611,1
3941.404959778356,0
3954.718847980321,1
3956.090357636393,0
3959.637564517915,1
3961.009074173987,0
3962.096922786712,1
3963.468432442784,0
3967.015639324306,1
3968.387148980378,0
3974.393714130697,1
3974.464465885442,2
3975.765223786769,1
3975.835975541514,0
3976.853072399494,1
3978.224582055566,0
3986.690505474682,1
3988.062015130754,0
3991.609222012276,1
3992.980731668348,0
3996.52793854987,1
3996.598690304615,2
3996.66944205936,3
3997.899448205942,2
3997.970199960687,1
3998.040951715432,0
3998.987296818667,1
4000.358806474739,0
4003.906013356261,1
4005.277523012333,0
4008.824729893855,1
4010.196239549927,0
4011.284088162652,1
4012.655597818724,0
4016.202804700246,1
4016.273556454991,2
4017.574314356318,1
4017.645066111063,0
4023.580879506637,1
4023.651631261382,2
4024.952389162709,1
4025.023140917454,0
4035.877670850622,1
4037.249180506694,0
4043.255745657013,1
4044.627255313085,0
4050.633820463404,1
4052.005330119476,0
4053.093178732201,1
4054.464688388273,0
4055.552537000998,1
4056.92404665707,0
4058.011895269795,1
4059.383404925867,0
4065.389970076186,1
4066.761479732258,0
4072.768044882577,1
4072.838796637322,2
4074.139554538649,1
4074.210306293394,0
4082.605477957765,1
4083.976987613837,0
4087.524194495359,1
4088.895704151431,0
4089.983552764156,1
4091.355062420228,0
4092.442911032953,1
4093.814420689025,0
4094.90226930175,1
4094.973021056495,2
4095.04377281124,3
4096.273778957822,2
4096.344530712567,1
4096.415282467312,0
4102.280344108141,1
4102.351095862886,2
4102.421847617631,3
4103.651853764213,2
4103.722605518958,1
4103.793357273703,0
4109.658418914532,1
4111.029928570604,0
4117.036493720923,1
4118.408003376995,0
4124.414568527314,1
4124.485320282059,2
4125.786078183386,1
4125.856829938131,0
4131.792643333705,1
4133.164152989777,0
4151.467509484081,1
4152.839019140153,0
4156.386226021675,1
4157.757735677747,0
4161.304942559269,1
4162.676452215341,0
4166.223659096863,1
4167.595168752935,0
4168.68301736566,1
4168.753769120405,2
4170.054527021732,1
4170.125278776477,0
4176.061092172051,1
4177.432601828123,0
4190.817241784833,1
4190.887993539578,2
4192.188751440905,1
4192.25950319565,0
4208.032749666412,1
4209.404259322484,0
4220.329541010397,1
4221.701050666469,0
4222.788899279194,1
4222.859651033939,2
4224.160408935266,1
4224.231160690011,0
4225.248257547991,1
4225.319009302736,2
4226.619767204063,1
4226.690518958808,0
4227.707615816788,1
4229.07912547286,0
4230.166974085585,1
4231.538483741657,0
4235.085690623179,1
4235.156442377924,2
4236.457200279251,1
4236.527952033996,0
4237.545048891976,1
4238.916558548048,0
4240.004407160773,1
4241.375916816845,0
4247.382481967164,1
4247.453233721909,2
4248.753991623236,1
4248.824743377981,0
4252.301198504758,1
4253.67270816083,0
4254.760556773555,1
4256.132066429627,0
4264.597989848743,1
4265.969499504815,0
4271.976064655134,1
4273.347574311206,0
4281.813497730322,1
4283.185007386394,0
4286.732214267916,1
4288.103723923988,0
4289.191572536713,1
4290.563082192785,0
4291.65093080551,1
4291.721682560255,2
4293.022440461582,1
4293.093192216327,0
4301.488363880698,1
4302.85987353677,0
4308.866438687089,1
4308.937190441834,2
4310.237948343161,1
4310.308700097906,0
4313.785155224683,1
4315.156664880755,0
4316.24451349348,1
4317.616023149552,0
4321.163230031074,1
4322.534739687146,0
4326.081946568668,1
4327.45345622474,0
4328.541304837465,1
4329.912814493537,0
4343.297454450247,1
4344.668964106319,0
4350.675529256638,1
4352.04703891271,0
4355.594245794232,1
4356.965755450304,0
4365.43167886942,1
4365.502430624165,2
4365.57318237891,3
4366.803188525492,2
4366.873940280237,1
4366.944692034982,0
4367.891037138217,1
4367.961788892962,2
4369.262546794289,1
4369.333298549034,0
4380.187828482202,1
4381.559338138274,0
4385.106545019796,1
4385.177296774541,2
4385.248048529286,3
4385.318800284031,4
4386.478054675868,3
4386.548806430613,2
4386.619558185358,1
4386.690309940103,0
4387.565903288593,1
4387.636655043338,2
4388.937412944665,1
4389.00816469941,0
4390.02526155739,1
4391.396771213462,0
4392.484619826187,1
4392.555371580932,2
4392.626123335677,3
4392.696875090422,4
4393.856129482259,3
4393.926881237004,2
4393.997632991749,1
4394.068384746494,0
4397.403336363781,1
4398.774846019853,0
4417.078202514157,1
4418.449712170229,0
4419.537560782954,1
4420.909070439026,0
4421.996919051751,1
4423.368428707823,0
4424.456277320548,1
4425.82778697662,0
4429.374993858142,1
4430.746503514214,0
4444.131143470924,1
4445.502653126996,0
4451.509218277315,1
4452.880727933387,0
4453.968576546112,1
4455.340086202184,0
4456.427934814909,1
4457.799444470981,0
4458.887293083706,1
4460.258802739778,0
4461.346651352503,1
4462.718161008575,0
4471.184084427691,1
4471.254836182436,2
4471.325587937181,3
4472.555594083763,2
4472.626345838508,1
4472.697097593253,0
4473.643442696488,1
4475.01495235256,0
4481.021517502879,1
4481.092269257624,2
4481.163021012369,3
4482.393027158951,2
4482.463778913696,1
4482.534530668441,0
4490.858950578067,1
4492.230460234139,0
4493.318308846864,1
4494.689818502936,0
4505.615100190849,1
4506.986609846921,0
4530.208682878819,1
4530.279434633564,2
4531.580192534891,1
4531.650944289636,0
4535.127399416413,1
4536.498909072485,0
4542.505474222804,1
4543.876983878876,0
4544.964832491601,1
4545.035584246346,2
4546.336342147673,1
4546.407093902418,0
4547.424190760398,1
4548.79570041647,0
4562.18034037318,1
4563.551850029252,0
4567.099056910774,1
4568.470566566846,0
4569.558415179571,1
4570.929924835643,0
4572.017773448368,1
4572.088525203113,2
4573.38928310444,1
4573.460034859185,0
4574.477131717165,1
4575.848641373237,0
4579.395848254759,1
4580.767357910831,0
4606.448789211526,1
4607.820298867598,0
4613.826864017917,1
4615.198373673989,0
4618.745580555511,1
4618.816332310256,2
4620.117090211583,1
4620.187841966328,0
4621.204938824308,1
4622.57644848038,0
4626.123655361902,1
4627.495165017974,0
4631.042371899496,1
4632.413881555568,0
4635.96108843709,1
4637.332598093162,0
4638.420446705887,1
4639.791956361959,0
4640.879804974684,1
4642.251314630756,0
4660.55467112506,1
4661.926180781132,0
4663.014029393857,1
4664.385539049929,0
4670.392104200248,1
4671.76361385632,0
4675.310820737842,1
4676.682330393914,0
4677.770179006639,1
4679.141688662711,0
4680.229537275436,1
4681.601046931508,0
4682.688895544233,1
4684.060405200305,0
4685.14825381303,1
4686.519763469102,0
4687.607612081827,1
4688.979121737899,0
4690.066970350624,1
4691.438480006696,0
4697.445045157015,1
4698.816554813087,0
4699.904403425812,1
4701.275913081884,0
4704.823119963406,1
4706.194629619478,0
4709.741836501,1
4711.113346157072,0
4712.201194769797,1
4713.572704425869,0
4714.660553038594,1
4716.032062694666,0
4717.119911307391,1
4718.491420963463,0
4726.957344382579,1
4728.328854038651,0
4729.416702651376,1
4730.788212307448,0
4734.33541918897,1
4735.706928845042,0
4741.713493995361,1
4741.784245750106,2
4743.085003651433,1
4743.155755406178,0
4754.010285339346,1
4755.381794995418,0
4761.388360145737,1
4762.759869801809,0
4763.847718414534,1
4765.219228070606,0
4776.144509758519,1
4777.516019414591,0
4785.981942833707,1
4787.353452489779,0
4788.441301102504,1
4789.812810758576,0
4793.360017640098,1
4794.73152729617,0
4817.953600328068,1
4819.32510998414,0
4820.412958596865,1
4821.784468252937,0
4825.331675134459,1
4826.703184790531,0
4832.70974994085,1
4834.081259596922,0
4837.628466478444,1
4838.999976134516,0
4840.087824747241,1
4841.459334403313,0
4845.006541284835,1
4846.378050940907,0
4859.762690897617,1
4861.134200553689,0
4869.600123972805,1
4870.971633628877,0
4872.059482241602,1
4872.130233996347,2
4873.430991897674,1
4873.501743652419,0
4884.356273585587,1
4885.727783241659,0
4886.815631854384,1
4888.187141510456,0
4891.734348391978,1
4891.805100146723,2
4893.10585804805,1
4893.176609802795,0
4894.193706660775,1
4895.565216316847,0
4899.112423198369,1
4900.483932854441,0
4908.949856273557,1
4910.321365929629,0
4911.409214542354,1
4912.780724198426,0
4913.868572811151,1
4913.939324565896,2
4915.240082467223,1
4915.310834221968,0
4921.246647617542,1
4922.618157273614,0
4926.165364155136,1
4927.536873811208,0
4933.543438961527,1
4933.614190716272,2
4934.914948617599,1
4934.985700372344,0
4938.462155499121,1
4939.833665155193,0
4948.299588574309,1
4948.370340329054,2
4949.671098230381,1
4949.741849985126,0
4970.433812993482,1
4971.805322649554,0
4977.811887799873,1
4979.183397455945,0
4980.27124606867,1
4981.642755724742,0
4982.730604337467,1
4984.102113993539,0
4985.189962606264,1
4986.561472262336,0
4992.568037412655,1
4993.939547068727,0
4997.486753950249,1
4998.858263606321,0
4999.946112219046,1
5001.317621875118,0
5002.405470487843,1
5003.776980143915,0
5004.86482875664,1
5004.935580511385,2
5006.236338412712,1
5006.307090167457,0
5007.324187025437,1
5008.695696681509,0
5012.242903563031,1
5013.614413219103,0
5014.702261831828,1
5014.773013586573,2
5016.0737714879,1
5016.144523242645,0
5017.161620100625,1
5018.533129756697,0
5024.539694907016,1
5024.610446661761,2
5024.681198416506,3
5025.911204563088,2
5025.981956317833,1
5026.052708072578,0
5029.45841144461,1
5030.829921100682,0
5036.836486251001,1
5036.907238005746,2
5038.207995907073,1
5038.278747661818,0
5041.755202788595,1
5043.126712444667,0
5044.214561057392,1
5045.586070713464,0
5046.673919326189,1
5048.045428982261,0
5054.05199413258,1
5054.122745887325,2
5055.423503788652,1
5055.494255543397,0
5066.348785476565,1
5066.41953723131,2
5067.720295132637,1
5067.791046887382,0
5073.726860282956,1
5073.797612037701,2
5075.098369939028,1
5075.169121693773,0
5081.104935089347,1
5081.175686844092,2
5082.476444745419,1
5082.547196500164,0
5086.023651626941,1
5086.094403381686,2
5087.395161283013,1
5087.465913037758,0
5088.483009895738,1
5089.85451955181,0
5093.401726433332,1
5094.773236089404,0
5100.779801239723,1
5102.151310895795,0
5113.076592583708,1
5114.44810223978,0
5120.454667390099,1
5121.826177046171,0
5122.914025658896,1
5124.285535314968,0
5125.373383927693,1
5126.744893583765,0
5130.292100465287,1
5130.362852220032,2
5131.663610121359,1
5131.734361876104,0
5132.751458734084,1
5134.122968390156,0
5135.210817002881,1
5136.582326658953,0
5140.129533540475,1
5140.20028529522,2
5141.501043196547,1
5141.571794951292,0
5142.588891809272,1
5142.659643564017,2
5143.960401465344,1
5144.031153220089,0
5145.048250078069,1
5145.119001832814,2
5146.419759734141,1
5146.490511488886,0
5152.42632488446,1
5152.497076639205,2
5153.797834540532,1
5153.868586295277,0
5159.804399690851,1
5159.875151445596,2
5161.175909346923,1
5161.246661101668,0
5169.641832766039,1
5171.013342422111,0
5174.560549303633,1
5174.631301058378,2
5175.932058959705,1
5176.00281071445,0
5179.479265841227,1
5180.850775497299,0
5181.938624110024,1
5182.009375864769,2
5183.310133766096,1
5183.380885520841,0
5199.154131991603,1
5200.525641647675,0
5204.072848529197,1
5205.444358185269,0
5206.532206797994,1
5207.903716454066,0
5208.991565066791,1
5210.363074722863,0
5211.450923335588,1
5211.521675090333,2
5212.82243299166,1
5212.893184746405,0
5218.828998141979,1
5220.200507798051,0
5223.747714679573,1
5225.119224335645,0
5226.20707294837,1
5227.578582604442,0
5231.125789485964,1
5232.497299142036,0
5236.044506023558,1
5237.41601567963,0
5238.503864292355,1
5239.875373948427,0
5240.963222561152,1
5241.033974315897,2
5242.334732217224,1
5242.405483971969,0
5253.260013905137,1
5254.631523561209,0
5263.097446980325,1
5264.468956636397,0
5270.475521786716,1
5271.847031442788,0
5277.853596593107,1
5279.225106249179,0
5282.772313130701,1
5284.143822786773,0
5290.150387937092,1
5291.521897593164,0
5299.98782101228,1
5301.359330668352,0
5304.906537549874,1
5306.278047205946,0
5329.500120237844,1
5329.570871992589,2
5329.641623747334,3
5330.871629893916,2
5330.942381648661,1
5331.013133403406,0
5331.959478506641,1
5333.330988162713,0
5339.337553313032,1
5340.709062969104,0
5351.634344657017,1
5351.705096411762,2
5351.775848166507,3
5353.005854313089,2
5353.076606067834,1
5353.147357822579,0
5366.390494269799,1
5367.762003925871,0
5368.849852538596,1
5368.920604293341,2
5370.221362194668,1
5370.292113949413,0
5371.309210807393,1
5372.680720463465,0
5373.76856907619,1
5375.140078732262,0
5378.687285613784,1
5380.058795269856,0
5381.146643882581,1
5381.217395637326,2
5382.518153538653,1
5382.588905293398,0
5383.606002151378,1
5384.97751180745,0
5390.984076957769,1
5392.355586613841,0
5405.740226570551,1
5405.810978325296,2
5407.111736226623,1
5407.182487981368,0
5413.118301376942,1
5414.489811033014,0
5415.577659645739,1
5416.949169301811,0
5427.874450989724,1
5429.245960645796,0
5437.711884064912,1
5437.782635819657,2
5439.083393720984,1
5439.154145475729,0
5442.630600602506,1
5444.002110258578,0
5447.5493171401,1
5448.920826796172,0
5450.008675408897,1
5451.380185064969,0
5452.468033677694,1
5453.839543333766,0
5467.224183290476,1
5468.595692946548,0
5472.14289982807,1
5472.213651582815,2
5473.514409484142,1
5473.585161238887,0
5474.602258096867,1
5475.973767752939,0
5479.520974634461,1
5480.892484290533,0
5484.439691172055,1
5485.811200828127,0
5486.899049440852,1
5488.270559096924,0
5489.358407709649,1
5490.729917365721,0
5491.817765978446,1
5491.888517733191,2
5493.189275634518,1
5493.260027389263,0
5494.277124247243,1
5495.648633903315,0
5496.73648251604,1
5498.107992172112,0
5506.573915591228,1
5507.9454252473,0
5513.951990397619,1
5515.323500053691,0
5516.411348666416,1
5517.782858322488,0
5518.870706935213,1
5520.242216591285,0
5533.626856547995,1
5534.998366204067,0
5536.086214816792,1
5537.457724472864,0
5543.464289623183,1
5543.535041377928,2
5543.605793132673,3
5544.835799279255,2
5544.906551034,1
5544.977302788745,0
5545.92364789198,1
5547.295157548052,0
5555.761080967168,1
5557.13259062324,0
5563.139155773559,1
5563.209907528304,2
5563.280659283049,3
5564.510665429631,2
5564.581417184376,1
5564.652168939121,0
5568.057872311153,1
5569.429381967225,0
5577.895305386341,1
5577.966057141086,2
5578.036808895831,3
5579.266815042413,2
5579.337566797158,1
5579.408318551903,0
5580.354663655138,1
5581.72617331121,0
5585.273380192732,1
5586.644889848804,0
5587.732738461529,1
5589.104248117601,0
5590.192096730326,1
5590.262848485071,2
5591.563606386398,1
5591.634358141143,0
5592.651454999123,1
5594.022964655195,0
5595.11081326792,1
5596.482322923992,0
5600.029529805514,1
5601.401039461586,0
5614.785679418296,1
5616.157189074368,0
5627.082470762281,1
5628.453980418353,0
5634.460545568672,1
5635.832055224744,0
5636.919903837469,1
5638.291413493541,0
5639.379262106266,1
5639.450013861011,2
5640.750771762338,1
5640.821523517083,0
5641.838620375063,1
5641.909372129808,2
5643.210130031135,1
5643.28088178588,0
5656.594769987845,1
5657.966279643917,0
5659.054128256642,1
5659.124880011387,2
5660.425637912714,1
5660.496389667459,0
5661.513486525439,1
5661.584238280184,2
5662.884996181511,1
5662.955747936256,0
5681.188352675815,1
5682.559862331887,0
5691.025785751003,1
5692.397295407075,0
5693.4851440198,1
5694.856653675872,0
5700.863218826191,1
5702.234728482263,0
5703.322577094988,1
5704.69408675106,0
5715.619368438973,1
5716.990878095045,0
5737.753592858146,1
5739.125102514218,0
5740.212951126943,1
5741.584460783015,0
5747.591025933334,1
5748.962535589406,0
5752.509742470928,1
5752.580494225673,2
5753.881252127,1
5753.952003881745,0
5754.969100739725,1
5756.340610395797,0
5759.887817277319,1
5761.259326933391,0
5762.347175546116,1
5763.718685202188,0
5764.806533814913,1
5764.877285569658,2
5764.948037324403,3
5766.178043470985,2
5766.24879522573,1
5766.319546980475,0
5767.26589208371,1
5768.637401739782,0
5789.400116502883,1
5790.771626158955,0
5794.318833040477,1
5795.690342696549,0
5809.074982653259,1
5809.145734408004,2
5810.446492309331,1
5810.517244064076,0
5811.534340922056,1
5812.905850578128,0
5813.993699190853,1
5815.365208846925,0
5826.290490534838,1
5826.361242289583,2
5827.66200019091,1
5827.732751945655,0
5831.209207072432,1
5831.279958827177,2
5832.580716728504,1
5832.651468483249,0
5841.04664014762,1
5842.418149803692,0
5848.424714954011,1
5849.796224610083,0
5850.884073222808,1
5852.25558287888,0
5855.802789760402,1
5857.174299416474,0
5863.180864566793,1
5863.251616321538,2
5864.552374222865,1
5864.62312597761,0
5875.477655910778,1
5876.84916556685,0
5880.396372448372,1
5881.767882104444,0
5892.693163792357,1
5894.064673448429,0
5909.908671673936,1
5911.280181330008,0
5922.205463017921,1
5922.276214772666,2
5923.576972673993,1
5923.647724428738,0
5927.124179555515,1
5928.495689211587,0
5929.583537824312,1
5930.955047480384,0
5936.961612630703,1
5938.333122286775,0
5939.4209708995,1
5940.792480555572,0
5946.799045705891,1
5948.170555361963,0
5954.177120512282,1
5955.548630168354,0
5959.095837049876,1
5959.166588804621,2
5960.467346705948,1
5960.538098460693,0
5964.01455358747,1
5965.386063243542,0
5971.392628393861,1
5971.463380148606,2
5971.534131903351,3
5972.764138049933,2
5972.834889804678,1
5972.905641559423,0
5976.311344931455,1
5977.682854587527,0
5986.148778006643,1
5987.520287662715,0
5993.526852813034,1
5994.898362469106,0
6000.904927619425,1
6002.276437275497,0
6003.364285888222,1
6004.735795544294,0
6008.283002425816,1
6009.654512081888,0
6015.661077232207,1
6017.032586888279,0
6025.498510307395,1
6026.870019963467,0
6035.335943382583,1
6035.406695137328,2
6036.707453038655,1
6036.7782047934,0
6052.551451264162,1
6052.622203018907,2
6053.922960920234,1
6053.993712674979,0
6064.848242608147,1
6066.219752264219,0
6067.307600876944,1
6068.679110533016,0
6072.226317414538,1
6073.59782707061,0
6079.604392220929,1
6080.975901877001,0
6086.98246702732,1
6088.353976683392,0
6089.441825296117,1
6090.813334952189,0
6096.819900102508,1
6098.19140975858,0
6099.279258371305,1
6100.650768027377,0
6104.197974908899,1
6105.569484564971,0
6111.57604971529,1
6112.947559371362,0
6121.413482790478,1
6122.78499244655,0
6138.628990672057,1
6140.000500328129,0
6150.925782016042,1
6152.297291672114,0
6168.141289897621,1
6169.512799553693,0
6170.600648166418,1
6170.671399921163,2
6171.97215782249,1
6172.042909577235,0
6177.978722972809,1
6179.350232628881,0
6185.3567977792,1
6186.728307435272,0
6187.816156047997,1
6189.187665704069,0
6190.275514316794,1
6191.647023972866,0
6205.031663929576,1
6206.403173585648,0
6209.95038046717,1
6210.021132221915,2
6210.09188397666,3
6211.321890123242,2
6211.392641877987,1
6211.463393632732,0
6219.787813542358,1
6219.858565297103,2
6221.15932319843,1
6221.230074953175,0
6222.247171811155,1
6223.618681467227,0
6224.706530079952,1
6226.078039736024,0
6229.625246617546,1
6230.996756273618,0
6234.54396315514,1
6235.915472811212,0
6239.462679692734,1
6240.834189348806,0
6241.922037961531,1
6243.293547617603,0
6246.840754499125,1
6248.212264155197,0
6251.759471036719,1
6253.130980692791,0
6254.218829305516,1
6255.590338961588,0
6256.678187574313,1
6256.748939329058,2
6258.049697230385,1
6258.12044898513,0
6264.056262380704,1
6265.427772036776,0
6266.515620649501,1
6267.887130305573,0
6268.974978918298,1
6270.34648857437,0
6271.434337187095,1
6272.805846843167,0
6286.190486799877,1
6287.561996455949,0
6291.109203337471,1
6292.480712993543,0
6298.487278143862,1
6299.858787799934,0
6300.946636412659,1
6302.318146068731,0
6313.243427756644,1
6314.614937412716,0
6315.702786025441,1
6317.074295681513,0
6327.999577369426,1
6329.371087025498,0
6335.377652175817,1
6335.448403930562,2
6335.519155685307,3
6336.749161831889,2
6336.819913586634,1
6336.890665341379,0
6340.296368713411,1
6341.667878369483,0
6342.755726982208,1
6344.12723663828,0
6345.215085251005,1
6346.586594907077,0
6350.133801788599,1
6351.505311444671,0
6352.593160057396,1
6353.964669713468,0
6355.052518326193,1
6356.424027982265,0
6359.971234863787,1
6361.342744519859,0
6362.430593132584,1
6363.802102788656,0
6367.349309670178,1
6368.72081932625,0
6369.808667938975,1
6371.180177595047,0
6372.268026207772,1
6373.639535863844,0
6374.727384476569,1
6376.098894132641,0
6377.186742745366,1
6378.558252401438,0
6384.564817551757,1
6385.936327207829,0
6387.024175820554,1
6388.395685476626,0
6401.780325433336,1
6403.151835089408,0
6414.077116777321,1
6415.448626433393,0
6416.536475046118,1
6416.607226800863,2
6417.90798470219,1
6417.978736456935,0
6433.751982927697,1
6435.123492583769,0
6438.670699465291,1
6440.042209121363,0
6443.589416002885,1
6444.960925658957,0
6455.88620734687,1
6457.257717002942,0
6458.345565615667,1
6459.717075271739,0
6460.804923884464,1
6462.176433540536,0
6463.264282153261,1
6464.635791809333,0
6465.723640422058,1
6467.09515007813,0
6473.101715228449,1
6474.473224884521,0
6475.561073497246,1
6475.631825251991,2
6476.932583153318,1
6477.003334908063,0
6480.47979003484,1
6481.851299690912,0
6487.857864841231,1
6489.229374497303,0
6495.235939647622,1
6496.607449303694,0
6500.154656185216,1
6501.526165841288,0
6517.370164066795,1
6518.741673722867,0
6527.207597141983,1
6528.579106798055,0
6532.126313679577,1
6532.197065434322,2
6533.497823335649,1
6533.568575090394,0
6534.585671948374,1
6535.957181604446,0
6566.557329442735,1
6567.928839098807,0
6569.016687711532,1
6569.087439466277,2
6570.388197367604,1
6570.458949122349,0
6573.935404249126,1
6575.306913905198,0
6578.85412078672,1
6580.225630442792,0
6586.232195593111,1
6587.603705249183,0
6591.150912130705,1
6592.522421786777,0
6596.069628668299,1
6597.441138324371,0
6610.825778281081,1
6612.197287937153,0
6615.744494818675,1
6617.116004474747,0
6628.04128616266,1
6628.112037917405,2
6629.412795818732,1
6629.483547573477,0
6630.500644431457,1
6631.872154087529,0
6632.960002700254,1
6634.331512356326,0
6642.797435775442,1
6644.168945431514,0
6645.256794044239,1
6646.628303700311,0
6647.716152313036,1
6649.087661969108,0
6652.63486885063,1
6652.705620605375,2
6652.77637236012,3
6654.006378506702,2
6654.077130261447,1
6654.147882016192,0
6664.931660194615,1
6666.303169850687,0
6674.769093269803,1
6676.140602925875,0
6677.2284515386,1
6678.599961194672,0
6682.147168076194,1
6683.518677732266,0
6691.984601151382,1
6693.356110807454,0
6696.903317688976,1
6698.274827345048,0
6704.281392495367,1
6705.652902151439,0
6709.200109032961,1
6710.571618689033,0
6719.037542108149,1
6720.409051764221,0
6723.956258645743,1
6725.327768301815,0
6728.874975183337,1
6730.246484839409,0
6743.631124796119,1
6745.002634452191,0
6746.090483064916,1
6747.461992720988,0
6758.387274408901,1
6759.758784064973,0
6765.765349215292,1
6765.836100970037,2
6767.136858871364,1
6767.207610626109,0
6768.224707484089,1
6769.596217140161,0
6775.60278229048,1
6776.974291946552,0
6778.062140559277,1
6778.132892314022,2
6778.203644068767,3
6779.433650215349,2
6779.504401970094,1
6779.575153724839,0
6780.521498828074,1
6781.893008484146,0
6785.440215365668,1
6786.81172502174,0
6792.818290172059,1
6794.189799828131,0
6802.655723247247,1
6804.027232903319,0
6812.493156322435,1
6813.864665978507,0
6814.952514591232,1
6816.324024247304,0
6817.411872860029,1
6818.783382516101,0
6819.871231128826,1
6821.242740784898,0
6837.086739010405,1
6838.458248666477,0
6842.005455547999,1
6843.376965204071,0
6844.464813816796,1
6845.836323472868,0
6846.924172085593,1
6846.994923840338,2
6848.295681741665,1
6848.36643349641,0
6851.842888623187,1
6853.214398279259,0
6854.302246891984,1
6855.673756548056,0
6859.220963429578,1
6860.59247308565,0
6871.517754773563,1
6872.889264429635,0
6881.355187848751,1
6882.726697504823,0
6883.814546117548,1
6885.18605577362,0
6905.948770536721,1
6907.320280192793,0
6910.867487074315,1
6912.238996730387,0
6913.326845343112,1
6914.698354999184,0
6920.704920149503,1
6920.775671904248,2
6922.076429805575,1
6922.14718156032,0
6923.1642784183,1
6924.535788074372,0
6925.623636687097,1
6925.694388441842,2
6926.995146343169,1
6927.065898097914,0
6928.082994955894,1
6928.153746710639,2
6929.454504611966,1
6929.525256366711,0
6935.461069762285,1
6935.53182151703,2
6936.832579418357,1
6936.903331173102,0
6937.920428031082,1
6939.291937687154,0
6940.379786299879,1
6941.751295955951,0
6945.298502837473,1
6946.670012493545,0
6962.514010719052,1
6963.885520375124,0
6972.35144379424,1
6973.722953450312,0
7006.782459557398,1
7006.853211312143,2
7006.923963066888,3
7008.15396921347,2
7008.224720968215,1
7008.29547272296,0
7011.701176094992,1
7013.072685751064,0
7021.53860917018,1
7022.910118826252,0
7031.376042245368,1
7032.74755190144,0
7036.294758782962,1
7036.365510537707,2
7037.666268439034,1
7037.737020193779,0
7041.213475320556,1
7041.284227075301,2
7041.354978830046,3
7042.584984976628,2
7042.655736731373,1
7042.726488486118,0
7051.050908395744,1
7052.422418051816,0
7053.510266664541,1
7054.881776320613,0
7055.969624933338,1
7057.34113458941,0
7063.347699739729,1
7064.719209395801,0
7065.807058008526,1
7067.178567664598,0
7070.72577454612,1
7070.796526300865,2
7072.097284202192,1
7072.168035956937,0
7078.103849352511,1
7079.475359008583,0
7080.563207621308,1
7081.93471727738,0
7083.022565890105,1
7084.394075546177,0
7087.941282427699,1
7089.312792083771,0
7090.400640696496,1
7091.772150352568,0
7100.238073771684,1
7101.609583427756,0
7122.372298190857,1
7123.743807846929,0
7124.831656459654,1
7126.203166115726,0
7137.128447803639,1
7138.499957459711,0
7149.425239147624,1
7150.796748803696,0
7156.803313954015,1
7158.174823610087,0
7161.722030491609,1
7161.792782246354,2
7163.093540147681,1
7163.164291902426,0
7166.640747029203,1
7168.012256685275,0
7169.100105298,1
7170.471614954072,0
7176.478180104391,1
7177.849689760463,0
7178.937538373188,1
7179.008290127933,2
7180.30904802926,1
7180.379799784005,0
7183.856254910782,1
7185.227764566854,0
7191.234329717173,1
7192.605839373245,0
7205.990479329955,1
7207.361988986027,0
7215.827912405143,1
7217.199422061215,0
7220.746628942737,1
7222.118138598809,0
7225.665345480331,1
7227.036855136403,0
7228.124703749128,1
7229.4962134052,0
7230.584062017925,1
7231.955571673997,0
7237.962136824316,1
7239.333646480388,0
7240.421495093113,1
7240.492246847858,2
7241.793004749185,1
7241.86375650393,0
7242.88085336191,1
7244.252363017982,0
7245.340211630707,1
7245.410963385452,2
7245.481715140197,3
7246.711721286779,2
7246.782473041524,1
7246.853224796269,0
7252.718286437098,1
7254.08979609317,0
7255.177644705895,1
7256.549154361967,0
7265.015077781083,1
7266.386587437155,0
7267.47443604988,1
7268.845945705952,0
7269.933794318677,1
7270.004546073422,2
7271.305303974749,1
7271.376055729494,0
7279.771227393865,1
7281.142737049937,0
7282.230585662662,1
7282.301337417407,2
7282.372089172152,3
7283.602095318734,2
7283.672847073479,1
7283.743598828224,0
7292.06801873785,1
7293.439528393922,0
7296.986735275444,1
7298.358244931516,0
7299.446093544241,1
7300.817603200313,0
7301.905451813038,1
7303.27696146911,0
7304.364810081835,1
7304.43556183658,2
7305.736319737907,1
7305.807071492652,0
7314.202243157023,1
7314.272994911768,2
7315.573752813095,1
7315.64450456784,0
7324.039676232211,1
7325.411185888283,0
7331.417751038602,1
7332.789260694674,0
7341.25518411379,1
7342.626693769862,0
7346.173900651384,1
7347.545410307456,0
7353.551975457775,1
7354.923485113847,0
7358.470691995369,1
7358.541443750114,2
7359.842201651441,1
7359.912953406186,0
7360.930050264166,1
7361.000802018911,2
7362.301559920238,1
7362.372311674983,0
7365.84876680176,1
7365.919518556505,2
7365.99027031125,3
7366.061022065995,4
7366.13177382074,5
7367.220276457832,4
7367.291028212577,3
7367.361779967322,2
7367.432531722067,1
7367.503283476812,0
7368.308125070557,1
7368.378876825302,2
7369.679634726629,1
7369.750386481374,0
7373.226841608151,1
7374.598351264223,0
7385.523632952136,1
7386.895142608208,0
7392.901707758527,1
7394.273217414599,0
7397.820424296121,1
7397.891176050866,2
7399.191933952193,1
7399.262685706938,0
7407.657857371309,1
7407.728609126054,2
7409.029367027381,1
7409.100118782126,0
7410.117215640106,1
7410.187967394851,2
7411.488725296178,1
7411.559477050923,0
7415.0359321777,1
7416.407441833772,0
7417.495290446497,1
7418.866800102569,0
7427.332723521685,1
7428.704233177757,0
7434.710798328076,1
7436.082307984148,0
7437.170156596873,1
7438.541666252945,0
7439.62951486567,1
7439.700266620415,2
7441.001024521742,1
7441.071776276487,0
7451.926306209655,1
7451.9970579644,2
7453.297815865727,1
7453.368567620472,0
7456.845022747249,1
7458.216532403321,0
7459.304381016046,1
7460.675890672118,0
7469.141814091234,1
7470.513323747306,0
7471.601172360031,1
7472.972682016103,0
7474.060530628828,1
7475.4320402849,0
7476.519888897625,1
7476.59064065237,2
7477.891398553697,1
7477.962150308442,0
7481.438605435219,1
7482.810115091291,0
7488.81668024161,1
7490.188189897682,0
7491.276038510407,1
7491.346790265152,2
7492.647548166479,1
7492.718299921224,0
7498.654113316798,1
7500.02562297287,0
7501.113471585595,1
7502.484981241667,0
7503.572829854392,1
7504.944339510464,0
7506.032188123189,1
7507.403697779261,0
7508.491546391986,1
7509.863056048058,0
7510.950904660783,1
7511.021656415528,2
7511.092408170273,3
7512.322414316855,2
7512.3931660716,1
7512.463917826345,0
7515.869621198377,1
7517.241130854449,0
7518.328979467174,1
7518.399731221919,2
7518.470482976664,3
7519.700489123246,2
7519.771240877991,1
7519.841992632736,0
7523.247696004768,1
7524.61920566084,0
7525.707054273565,1
7527.078563929637,0
7530.625770811159,1
7531.997280467231,0
7538.00384561755,1
7538.074597372295,2
7539.375355273622,1
7539.446107028367,0
7547.841278692738,1
7549.21278834881,0
7550.300636961535,1
7551.672146617607,0
7555.219353499129,1
7556.590863155201,0
7560.138070036723,1
7561.509579692795,0
7562.59742830552,1
7563.968937961592,0
7569.975503111911,1
7571.347012767983,0
7574.894219649505,1
7576.265729305577,0
7577.353577918302,1
7578.725087574374,0
7579.812936187099,1
7581.184445843171,0
7587.19101099349,1
7587.261762748235,2
7588.562520649562,1
7588.633272404307,0
7604.406518875069,1
7604.477270629814,2
7605.778028531141,1
7605.848780285886,0
7609.325235412663,1
7610.696745068735,0
7616.703310219054,1
7618.074819875126,0
7619.162668487851,1
7619.233420242596,2
7619.304171997341,3
7620.534178143923,2
7620.604929898668,1
7620.675681653413,0
7624.081385025445,1
7624.15213678019,2
7625.452894681517,1
7625.523646436262,0
7629.000101563039,1
7629.070853317784,2
7630.371611219111,1
7630.442362973856,0
7631.459459831836,1
7632.830969487908,0
7633.918818100633,1
7635.290327756705,0
7636.37817636943,1
7637.749686025502,0
7646.215609444618,1
7647.58711910069,0
7653.593684251009,1
7653.664436005754,2
7654.965193907081,1
7655.035945661826,0
7663.431117326197,1
7664.802626982269,0
7688.024700014167,1
7689.396209670239,0
7692.943416551761,1
7694.314926207833,0
7695.402774820558,1
7696.77428447663,0
7697.862133089355,1
7699.233642745427,0
7707.699566164543,1
7709.071075820615,0
7710.15892443334,1
7710.229676188085,2
7711.530434089412,1
7711.601185844157,0
7715.077640970934,1
7716.449150627006,0
7719.996357508528,1
7720.067109263273,2
7721.3678671646,1
7721.438618919345,0
7724.915074046122,1
7726.286583702194,0
7727.374432314919,1
7728.745941970991,0
7729.833790583716,1
7729.904542338461,2
7731.205300239788,1
7731.276051994533,0
7742.130581927701,1
7743.502091583773,0
7744.589940196498,1
7745.96144985257,0
7747.049298465295,1
7748.420808121367,0
7751.968015002889,1
7753.339524658961,0
7756.886731540483,1
7758.258241196555,0
7759.34608980928,1
7759.416841564025,2
7759.48759331877,3
7760.717599465352,2
7760.788351220097,1
7760.859102974842,0
7761.805448078077,1
7761.876199832822,2
7763.176957734149,1
7763.247709488894,0
7774.102239422062,1
7775.473749078134,0
7776.561597690859,1
7776.632349445604,2
7777.933107346931,1
7778.003859101676,0
7786.399030766047,1
7787.770540422119,0
7791.317747303641,1
7792.689256959713,0
7796.236463841235,1
7797.607973497307,0
7798.695822110032,1
7800.067331766104,0
7803.614538647626,1
7803.685290402371,2
7804.986048303698,1
7805.056800058443,0
7810.992613454017,1
7811.063365208762,2
7811.134116963507,3
7812.364123110089,2
7812.434874864834,1
7812.505626619579,0
7833.12683787319,1
7834.498347529262,0
7845.423629217175,1
7846.795138873247,0
7852.801704023566,1
7854.173213679638,0
7857.72042056116,1
7859.091930217232,0
7862.639137098754,1
7862.709888853499,2
7864.010646754826,1
7864.081398509571,0
7865.098495367551,1
7866.470005023623,0
7870.017211905145,1
7870.08796365989,2
7871.388721561217,1
7871.459473315962,0
7874.935928442739,1
7876.307438098811,0
7877.395286711536,1
7878.766796367608,0
7882.31400324913,1
7883.685512905202,0
7889.692078055521,1
7891.063587711593,0
7897.070152861912,1
7898.441662517984,0
7899.529511130709,1
7899.600262885454,2
7899.671014640199,3
7900.901020786781,2
7900.971772541526,1
7901.042524296271,0
7904.448227668303,1
7905.819737324375,0
7906.9075859371,1
7908.279095593172,0
7914.285660743491,1
7915.657170399563,0
7916.745019012288,1
7916.815770767033,2
7918.11652866836,1
7918.187280423105,0
7933.960526893867,1
7935.332036549939,0
7936.419885162664,1
7937.791394818736,0
7941.338601700258,1
7942.71011135633,0
7956.09475131304,1
7957.466260969112,0
7958.554109581837,1
7959.925619237909,0
7963.472826119431,1
7963.543577874176,2
7964.844335775503,1
7964.915087530248,0
7968.391542657025,1
7968.46229441177,2
7969.763052313097,1
7969.833804067842,0
7970.850900925822,1
7972.222410581894,0
7978.228975732213,1
7979.600485388285,0
7983.147692269807,1
7983.218444024552,2
7984.519201925879,1
7984.589953680624,0
7985.607050538604,1
7986.978560194676,0
7988.066408807401,1
7989.437918463473,0
7992.985125344995,1
7994.356635001067,0
8000.363200151386,1
8001.734709807458,0
8010.200633226574,1
8010.271384981319,2
8011.572142882646,1
8011.642894637391,0
8017.578708032965,1
8018.950217689037,0
8020.038066301762,1
8021.409575957834,0
8022.497424570559,1
8023.868934226631,0
8024.956782839356,1
8026.328292495428,0
8049.550365527326,1
8050.921875183398,0
8056.928440333717,1
8058.299949989789,0
8059.387798602514,1
8059.458550357259,2
8060.759308258586,1
8060.830060013331,0
8061.847156871311,1
8063.218666527383,0
8066.765873408905,1
8068.137383064977,0
8074.143948215296,1
8075.515457871368,0
8076.603306484093,1
8077.974816140165,0
8081.522023021687,1
8082.893532677759,0
8088.900097828078,1
8088.970849582823,2
8090.27160748415,1
8090.342359238895,0
8101.196889172063,1
8102.568398828135,0
8118.412397053642,1
8119.783906709714,0
8120.871755322439,1
8120.942507077184,2
8122.243264978511,1
8122.314016733256,0
8123.331113591236,1
8123.401865345981,2
8124.702623247308,1
8124.773375002053,0
8125.790471860033,1
8127.161981516105,0
8128.24983012883,1
8129.621339784902,0
8140.546621472815,1
8141.918131128887,0
8143.005979741612,1
8144.377489397684,0
8150.384054548003,1
8150.454806302748,2
8150.525558057493,3
8151.755564204075,2
8151.82631595882,1
8151.897067713565,0
8162.680845891988,1
8164.05235554806,0
8167.599562429582,1
8168.971072085654,0
8172.518278967176,1
8173.889788623248,0
8177.43699550477,1
8178.808505160842,0
8182.355712042364,1
8183.727221698436,0
8187.274428579958,1
8188.64593823603,0
8197.111861655146,1
8198.483371311218,0
8202.03057819274,1
8203.402087848812,0
8211.868011267928,1
8213.239520924,0
8214.327369536725,1
8215.698879192797,0
8219.246086074319,1
8220.617595730391,0
8224.164802611913,1
8224.235554366658,2
8225.536312267985,1
8225.60706402273,0
8246.299027031086,1
8246.369778785831,2
8246.440530540576,3
8247.670536687158,2
8247.741288441903,1
8247.812040196648,0
8251.21774356868,1
8252.589253224752,0
8258.595818375071,1
8259.967328031143,0
8261.055176643868,1
8262.42668629994,0
8263.514534912665,1
8264.886044568737,0
8265.973893181462,1
8267.345402837534,0
8273.351967987853,1
8274.723477643925,0
8278.270684525447,1
8279.642194181519,0
8293.026834138229,1
8294.398343794301,0
8300.40490894462,1
8301.776418600692,0
8312.701700288605,1
8314.073209944677,0
8324.99849163259,1
8326.370001288662,0
8329.917208170184,1
8329.987959924929,2
8331.288717826256,1
8331.359469581001,0
8332.376566438981,1
8333.748076095053,0
8342.213999514169,1
8343.585509170241,0
8354.510790858154,1
8355.882300514226,0
8359.429507395748,1
8360.80101705182,0
8361.888865664545,1
8363.260375320617,0
8366.807582202139,1
8368.179091858211,0
8369.266940470936,1
8370.638450127008,0
8376.645015277327,1
8378.016524933399,0
8379.104373546124,1
8380.475883202196,0
8381.563731814921,1
8382.935241470993,0
8384.023090083718,1
8385.39459973979,0
8398.7792396965,1
8398.849991451245,2
8400.150749352572,1
8400.221501107317,0
8403.697956234094,1
8405.069465890166,0
8406.157314502891,1
8407.528824158963,0
8411.076031040485,1
8411.14678279523,2
8411.217534549975,3
8412.447540696557,2
8412.518292451302,1
8412.589044206047,0
8415.994747578079,1
8416.065499332824,2
8417.366257234151,1
8417.437008988896,0
8420.913464115673,1
8422.284973771745,0
8425.832180653267,1
8427.203690309339,0
8428.291538922064,1
8428.362290676809,2
8429.663048578136,1
8429.733800332881,0
8433.210255459658,1
8434.58176511573,0
8438.128971997252,1
8439.500481653324,0
8440.588330266049,1
8441.959839922121,0
8447.96640507244,1
8448.037156827185,2
8449.337914728512,1
8449.408666483257,0
8462.722554685222,1
8464.094064341294,0
8470.100629491613,1
8470.171381246358,2
8471.472139147685,1
8471.54289090243,0
8477.478704298004,1
8478.850213954076,0
8482.397420835598,1
8483.76893049167,0
8484.856779104395,1
8486.228288760467,0
8499.612928717177,1
8499.683680471922,2
8500.984438373249,1
8501.055190127994,0
8509.450361792365,1
8510.821871448437,0
8516.828436598756,1
8516.899188353501,2
8518.199946254828,1
8518.270698009573,0
8519.287794867553,1
8519.358546622298,2
8520.659304523625,1
8520.73005627837,0
8521.74715313635,1
8523.118662792422,0
8524.206511405147,1
8525.578021061219,0
8526.665869673944,1
8528.037379330016,0
8534.043944480335,1
8534.11469623508,2
8535.415454136407,1
8535.486205891152,0
8536.503302749132,1
8537.874812405204,0
8538.962661017929,1
8540.334170674001,0
8543.881377555523,1
8545.252887211595,0
8546.34073582432,1
8547.712245480392,0
8553.718810630711,1
8555.090320286783,0
8558.637527168305,1
8558.70827892305,2
8560.009036824377,1
8560.079788579122,0
8575.853035049884,1
8577.224544705956,0
8580.771751587478,1
8582.14326124355,0
8595.52790120026,1
8596.899410856332,0
8597.987259469057,1
8599.358769125129,0
8600.446617737854,1
8600.517369492599,2
8601.818127393926,1
8601.888879148671,0
8602.905976006651,1
8602.976727761396,2
8604.277485662723,1
8604.348237417468,0
8605.365334275448,1
8606.73684393152,0
8607.824692544245,1
8609.196202200317,0
8610.284050813042,1
8611.655560469114,0
8612.743409081839,1
8614.114918737911,0
8617.662125619433,1
8619.033635275505,0
8629.958916963418,1
8630.029668718163,2
8631.33042661949,1
8631.401178374235,0
8634.877633501012,1
8636.249143157084,0
8637.336991769809,1
8638.708501425881,0
8644.7150665762,1
8644.785818330945,2
8646.086576232272,1
8646.157327987017,0
8647.174424844997,1
8648.545934501069,0
8674.227365801764,1
8674.298117556509,2
8674.368869311254,3
8675.598875457836,2
8675.669627212581,1
8675.740378967326,0
8706.199023296125,1
8707.570532952197,0
8708.658381564922,1
8710.029891220994,0
8711.117739833719,1
8712.489249489791,0
8713.577098102516,1
8714.948607758588,0
8720.955172908907,1
8721.025924663652,2
8722.326682564979,1
8722.397434319724,0
8725.873889446501,1
8727.245399102573,0
8728.333247715298,1
8729.70475737137,0
8730.792605984095,1
8732.164115640167,0
8735.711322521689,1
8735.782074276434,2
8737.082832177761,1
8737.153583932506,0
8743.08939732808,1
8744.460906984152,0
8757.845546940862,1
8759.217056596934,0
8765.223621747253,1
8765.294373501998,2
8766.595131403325,1
8766.66588315807,0
8777.520413091238,1
8777.591164845983,2
8777.661916600728,3
8778.89192274731,2
8778.962674502055,1
8779.0334262568,0
8789.817204435223,1
8791.188714091295,0
8792.27656270402,1
8793.648072360092,0
8797.195279241614,1
8798.566788897686,0
8799.654637510411,1
8801.026147166483,0
8807.032712316802,1
8808.404221972874,0
8809.492070585599,1
8810.863580241671,0
8814.410787123193,1
8815.782296779265,0
8821.788861929584,1
8823.160371585656,0
8826.707578467178,1
8828.07908812325,0
8829.166936735975,1
8829.23768849072,2
8830.538446392047,1
8830.609198146792,0
8834.085653273569,1
8835.457162929641,0
8839.004369811163,1
8840.375879467235,0
8851.301161155148,1
8851.371912909893,2
8852.67267081122,1
8852.743422565965,0
8863.597952499133,1
8863.668704253878,2
8864.969462155205,1
8865.04021390995,0
8870.976027305524,1
8872.347536961596,0
8873.435385574321,1
8874.806895230393,0
8875.894743843118,1
8877.26625349919,0
8885.732176918306,1
8887.103686574378,0
8905.407043068682,1
8906.778552724754,0
8907.866401337479,1
8909.237910993551,0
8912.785117875073,1
8912.855869629818,2
8914.156627531145,1
8914.22737928589,0
8915.24447614387,1
8916.615985799942,0
8917.703834412667,1
8919.075344068739,0
8922.622550950261,1
8923.994060606333,0
8927.541267487855,1
8927.6120192426,2
8928.912777143927,1
8928.983528898672,0
8930.000625756652,1
8931.372135412724,0
8932.459984025449,1
8933.831493681521,0
8937.378700563043,1
8937.449452317788,2
8938.750210219115,1
8938.82096197386,0
8944.756775369434,1
8946.128285025506,0
8947.216133638231,1
8948.587643294303,0
8949.675491907028,1
8951.0470015631,0
8954.594208444622,1
8955.965718100694,0
8957.053566713419,1
8958.425076369491,0
8959.512924982216,1
8960.884434638288,0
8964.43164151981,1
8965.803151175882,0
8966.890999788607,1
8968.262509444679,0
8976.728432863795,1
8976.79918461854,2
8978.099942519867,1
8978.170694274612,0
8984.106507670186,1
8985.478017326258,0
9001.322015551765,1
9001.39276730651,2
9001.463519061255,3
9002.693525207837,2
9002.764276962582,1
9002.835028717327,0
9006.240732089359,1
9007.612241745431,0
9008.700090358156,1
9010.071600014228,0
9016.078165164547,1
9017.449674820619,0
9025.915598239735,1
9027.287107895807,0
9033.293673046126,1
9034.665182702198,0
9043.131106121314,1
9044.502615777386,0
9055.427897465299,1
9055.498649220044,2
9055.569400974789,3
9056.799407121371,2
9056.870158876116,1
9056.940910630861,0
9057.887255734096,1
9059.258765390168,0
9060.346614002893,1
9060.417365757638,2
9060.488117512383,3
9060.558869267128,4
9061.718123658965,3
9061.78887541371,2
9061.859627168455,1
9061.9303789232,0
9065.265330540487,1
9066.636840196559,0
9075.102763615675,1
9076.474273271747,0
9082.480838422066,1
9082.551590176811,2
9083.852348078138,1
9083.923099832883,0
9102.155704572442,1
9102.226456327187,2
9103.527214228514,1
9103.597965983259,0
9104.615062841239,1
9105.986572497311,0
9119.371212454021,1
9119.441964208766,2
9119.512715963511,3
9120.742722110093,2
9120.813473864838,1
9120.884225619583,0
9126.749287260412,1
9128.120796916484,0
9129.208645529209,1
9129.279397283954,2
9130.580155185281,1
9130.650906940026,0
9141.505436873194,1
9142.876946529266,0
9146.424153410788,1
9147.79566306686,0
9158.720944754773,1
9158.791696509518,2
9160.092454410845,1
9160.16320616559,0
9168.558377829961,1
9169.929887486033,0
9178.395810905149,1
9179.767320561221,0
9180.855169173946,1
9180.925920928691,2
9182.226678830018,1
9182.297430584763,0
9183.314527442743,1
9184.686037098815,0
9188.233243980337,1
9189.604753636409,0
9190.692602249134,1
9192.064111905206,0
9193.151960517931,1
9193.222712272676,2
9194.523470174003,1
9194.594221928748,0
9200.530035324322,1
9201.901544980394,0
9210.36746839951,1
9211.738978055582,0
9212.826826668307,1
9214.198336324379,0
9215.286184937104,1
9216.657694593176,0
9222.664259743495,1
9224.035769399567,0
9225.123618012292,1
9226.495127668364,0
9234.96105108748,1
9236.332560743552,0
9239.879767625074,1
9239.950519379819,2
9241.251277281146,1
9241.322029035891,0
9254.635917237856,1
9254.706668992601,2
9256.007426893928,1
9256.078178648673,0
9266.932708581841,1
9268.304218237913,0
9269.392066850638,1
9270.76357650671,0
9271.851425119435,1
9273.222934775507,0
9276.770141657029,1
9278.141651313101,0
9284.14821646342,1
9284.218968218165,2
9285.519726119492,1
9285.590477874237,0
9291.526291269811,1
9292.897800925883,0
9293.985649538608,1
9294.056401293353,2
9295.35715919468,1
9295.427910949425,0
9296.445007807405,1
9297.816517463477,0
9306.282440882593,1
9307.653950538665,0
9316.119873957781,1
9316.190625712526,2
9317.491383613853,1
9317.562135368598,0
9321.038590495375,1
9322.410100151447,0
9328.416665301766,1
9329.788174957838,0
9335.794740108157,1
9335.865491862902,2
9337.166249764229,1
9337.237001518974,0
9340.713456645751,1
9342.084966301823,0
9357.92896452733,1
9359.300474183402,0
9367.766397602518,1
9369.13790725859,0
9375.144472408909,1
9375.215224163654,2
9376.515982064981,1
9376.586733819726,0
9380.063188946503,1
9381.434698602575,0
9387.441263752894,1
9388.812773408966,0
9392.359980290488,1
9393.73148994656,0
9397.278696828082,1
9398.650206484154,0
9414.494204709661,1
9415.865714365733,0
9419.412921247255,1
9420.784430903327,0
9426.790996053646,1
9426.861747808391,2
9426.932499563136,3
9428.162505709718,2
9428.233257464463,1
9428.304009219208,0
9436.628429128834,1
9437.999938784906,0
9439.087787397631,1
9440.459297053703,0
9453.843937010413,1
9455.215446666485,0
9456.30329527921,1
9457.674804935282,0
9463.681370085601,1
9463.752121840346,2
9465.052879741673,1
9465.123631496418,0
9471.059444891992,1
9471.130196646737,2
9472.430954548064,1
9472.501706302809,0
9473.518803160789,1
9474.890312816861,0
9480.89687796718,1
9482.268387623252,0
9483.356236235977,1
9484.727745892049,0
9490.734311042368,1
9490.805062797113,2
9492.10582069844,1
9492.176572453185,0
9493.193669311165,1
9494.565178967237,0
9495.653027579962,1
9497.024537236034,0
9503.031102386353,1
9503.101854141098,2
9504.402612042425,1
9504.47336379717,0
9512.868535461541,1
9512.939287216286,2
9514.240045117613,1
9514.310796872358,0
9522.705968536729,1
9524.077478192801,0
9532.543401611917,1
9533.914911267989,0
9542.380834687105,1
9543.752344343177,0
9552.218267762293,1
9553.589777418365,0
9566.974417375075,1
9568.345927031147,0
9569.433775643872,1
9570.805285299944,0
9571.893133912669,1
9571.963885667414,2
9573.264643568741,1
9573.335395323486,0
9579.27120871906,1
9580.642718375132,0
9581.730566987857,1
9583.102076643929,0
9584.189925256654,1
9585.561434912726,0
9589.108641794248,1
9590.48015145032,0
9591.568000063045,1
9591.63875181779,2
9592.939509719117,1
9593.010261473862,0
9598.946074869436,1
9600.317584525508,0
9603.86479140703,1
9605.236301063102,0
9613.702224482218,1
9613.772976236963,2
9615.07373413829,1
9615.144485893035,0
9618.620941019812,1
9619.992450675884,0
9621.080299288609,1
9621.151051043354,2
9622.451808944681,1
9622.522560699426,0
9625.999015826203,1
9627.370525482275,0
9628.458374095,1
9629.829883751072,0
9635.836448901391,1
9637.207958557463,0
9648.133240245376,1
9649.504749901448,0
9660.430031589361,1
9660.500783344106,2
9661.801541245433,1
9661.872293000178,0
9672.726822933346,1
9674.098332589418,0
9687.482972546128,1
9688.8544822022,0
9694.861047352519,1
9694.931799107264,2
9696.232557008591,1
9696.303308763336,0
9719.454630040489,1
9719.525381795234,2
9720.826139696561,1
9720.896891451306,0
9721.913988309286,1
9721.984740064031,2
9723.285497965358,1
9723.356249720103,0
9729.292063115677,1
9730.663572771749,0
9731.751421384474,1
9733.122931040546,0
9736.670137922068,1
9738.04164757814,0
9741.588854459662,1
9742.960364115734,0
9753.885645803647,1
9755.257155459719,0
9758.804362341241,1
9760.175871997313,0
9761.263720610038,1
9761.334472364783,2
9762.63523026611,1
9762.705982020855,0
9771.101153685226,1
9771.171905439971,2
9772.472663341298,1
9772.543415096043,0
9785.857303298008,1
9787.22881295408,0
9800.61345291079,1
9800.684204665535,2
9800.75495642028,3
9801.984962566862,2
9802.055714321607,1
9802.126466076352,0
9803.072811179587,1
9804.444320835659,0
9807.991527717181,1
9809.363037373253,0
9810.450885985978,1
9811.82239564205,0
9812.910244254775,1
9812.98099600952,2
9814.281753910847,1
9814.352505665592,0
9822.747677329963,1
9822.818429084708,2
9824.119186986035,1
9824.18993874078,0
9825.20703559876,1
9826.578545254832,0
9830.125752136354,1
9831.497261792426,0
9837.503826942745,1
9838.875336598817,0
9842.422543480339,1
9842.493295235084,2
9843.794053136411,1
9843.864804891156,0
9844.881901749136,1
9846.253411405208,0
9864.556767899512,1
9864.627519654257,2
9865.928277555584,1
9865.999029310329,0
9884.231634049888,1
9885.60314370596,0
9886.690992318685,1
9888.062501974757,0
9894.069067125076,1
9895.440576781148,0
9908.825216737858,1
9910.19672639393,0
9911.284575006655,1
9912.656084662727,0
9928.500082888234,1
9929.871592544306,0
9933.418799425828,1
9934.7903090819,0
9940.796874232219,1
9942.168383888291,0
9948.17494903861,1
9949.546458694682,0
9958.012382113798,1
9959.38389176987,0
9960.471740382595,1
9960.54249213734,2
9961.843250038667,1
9961.914001793412,0
9962.931098651392,1
9963.001850406137,2
9964.302608307464,1
9964.373360062209,0
9967.849815188986,1
9967.920566943731,2
9969.221324845058,1
9969.292076599803,0
9972.76853172658,1
9974.140041382652,0
9977.687248264174,1
9977.758000018919,2
9979.058757920246,1
9979.129509674991,0
9982.605964801768,1
9983.97747445784,0
9987.524681339362,1
9988.896190995434,0
